TICKER,NAME,MARKET_CAPITALIZATION,EXPECTED_RETURN,RISK,SHARPE_RATIO,RANKING,MAX_GAIN,MAX_LOSS,VARIANCE
FAPA,PT FAP AGRI Tbk (XIDX:FAPA),26948380000000,0.003620855147386253,0.02909034961927444,0.39451943827999947,1,0.0750849026091614,-0.04127649586793635,0.0009151591762662891
VICI,PT VICTORIA CARE INDONESIA Tbk (XIDX:VICI),6372600000000,0.006463369475434114,0.08020731072827339,0.16322488540738844,2,0.178928769564636,-0.14190047334845757,0.006074714653250009
BPII,PT Batavia Prosperindo Internasional Tbk (XIDX:BPII),4546711000000,0.005641702907806512,0.0781036678539846,0.13293430667920214,3,0.17230971226338845,-0.14010495915254997,0.007373689833655593
DNET,PT Indoritel Makmur Internasional Tbk. (XIDX:DNET),141485400000000,-0.0042552827672455665,0.09440188710639935,0.152173970093557,4,0.20888900377825037,-0.16871854464734704,0.011722917906848072
MTDL,PT Metrodata Electronics Tbk (XIDX:MTDL),6089335000000,-0.010595377651171007,0.07464346144949127,0.0975551534926742,5,0.1622884968580593,-0.1362853489399058,0.004565741062822318
SFAN,PT SURYA FAJAR CAPITAL Tbk (XIDX:SFAN),2713068000000,-0.0006734706408913806,0.10001702021758879,0.120889628058984,6,0.2176040917631574,-0.18246398910719777,0.000633050130348559
ADES,PT Akasha Wira International Tbk (XIDX:ADES),21206790000000,0.005639563854208161,0.11537527734439737,0.20485715721920442,7,0.2601057256390924,-0.20139538373849708,0.014565624112553712
MIDI,PT Midi Utama Indonesia Tbk (XIDX:MIDI),8626306000000,-0.009150531788530852,0.08775738577986283,0.09579761292540406,8,0.18964143925415744,-0.1613881038652939,0.009762866593579902
TAPG,PT Triputra Agro Persada Tbk (XIDX:TAPG),38513930000000,0.0029401792125517984,0.11271494608190703,0.1448754435545704,9,0.24718997761157596,-0.20366980671605217,0.012826881945148756
DAYA,PT Duta Intidaya Tbk (XIDX:DAYA),2638396000000,0.002397450140131866,0.10942976236718728,0.12636398029757934,10,0.23829261600252488,-0.19942643346622424,0.01005022522596332
JTPE,PT Jasuindo Tiga Perkasa Tbk (XIDX:JTPE),4008449000000,0.01142167240533601,0.10632912818110012,0.11967777494927101,11,0.23110320945535723,-0.19421330326904324,0.00746774938773232
SMMA,PT Sinar Mas Multiartha Tbk (XIDX:SMMA),127512500000000,-0.001679302282916159,0.10121433818774668,0.1002455823349505,12,0.21829468626791776,-0.18656266648306896,0.002443429604903386
PSSI,PT IMC Pelita Logistik Tbk (XIDX:PSSI),1950143000000,0.0032680772872653186,0.10327198046604649,0.10083671737939892,13,0.2225364342908085,-0.19055148757337748,0.006529626965621976
PBID,PT PANCA BUDI IDAMAN TBK (XIDX:PBID),3900000000000,-0.0008090947005234173,0.06833301763958471,0.07011535428843611,14,0.14703609487181682,-0.12629597568652204,0.002486054324741169
MDKA,PT Merdeka Copper Gold Tbk (XIDX:MDKA),71461110000000,-0.0061523057373500945,0.11995870461737543,0.13284515854560883,15,0.2615627834735252,-0.21827203499597653,0.014497548060741406
CASA,PT Capital Financial Indonesia Tbk (XIDX:CASA),98057290000000,0.0004817086779452806,0.12459061809699132,0.15134201022819227,16,0.2736388070267387,-0.22472366536122654,0.010859092382543858
KDSI,PT Kedawung Setia Industrial Tbk (XIDX:KDSI),738720000000,0.0016142523227649494,0.11185401355935275,0.10627142301344876,17,0.24131463192957062,-0.20610142230784037,0.005276564106957381
CLEO,PT SARIGUNA PRIMATIRTA TBK (XIDX:CLEO),9840000000000,-0.010472068961270085,0.12483513383971,0.13516840616977044,18,0.2721151015116717,-0.2272254338471683,0.01404183397375011
PNGO,PT PINAGO UTAMA Tbk (XIDX:PNGO),2828125000000,-0.01281982191497628,0.13498413219367428,0.2664434793590535,19,0.31134382917366565,-0.22859269960103148,0.006293029688264728
TBMS,PT Tembaga Mulia Semanan Tbk (XIDX:TBMS),881616000000,0.0002836943964038903,0.12143196012807489,0.11388825150091239,20,0.26241331349161184,-0.22331452702068771,0.007714687725422534
TRIM,PT Trimegah Sekuritas Indonesia Tbk (XIDX:TRIM),5616347000000,-0.005562571370897585,0.13234250885559085,0.14792366428271198,21,0.28998132618161504,-0.23938870924074832,0.01588111324230775
SCCO,PT Supreme Cable Manufacturing & Commerce Tbk (XIDX:SCCO),2129844000000,-0.0010925276698541524,0.06832752647447714,0.05130315884739108,22,0.14588019051347081,-0.12742991538443774,0.003654824063093436
SRSN,PT Indo Acidatama Tbk (XIDX:SRSN),758520000000,0.031860847591515584,0.07514418628933701,0.050367293409561815,23,0.15979290147767897,-0.1407838436796691,0.008307871638670014
BHAT,PT BHAKTI MULTI ARTHA Tbk (XIDX:BHAT),8850000000000,-0.0016149247735843374,0.14901833791679736,0.18381302053907414,24,0.33085326917909313,-0.2652200824880963,0.027504990342111627
BFIN,PT BFI Finance Indonesia Tbk (XIDX:BFIN),13986630000000,-0.005273407891331949,0.1130097363351673,0.08551034020527595,25,0.2414026932910104,-0.21063625204965877,0.007278978087728455
AMRT,PT Sumber Alfaria Trijaya Tbk (XIDX:AMRT),54812340000000,-0.01950963597373835,0.09643379729820775,0.06171779301797582,26,0.20453899535815084,-0.18119619383468016,0.009556384667603971
APLI,PT Asiaplast Industries Tbk (XIDX:APLI),378822700000,-0.005209206893985073,0.11599494244681345,0.08682650055371303,27,0.24778103944836016,-0.21619873033889364,0.011737068110715721
HRTA,PT HARTADINATA ABADI TBK (XIDX:HRTA),10039470000000,0.008480043150565173,0.1495670610803248,0.1494958605307297,28,0.3270644473870752,-0.27120379693422403,0.026203054994358422
BSSR,PT Baramulti Suksessarana Tbk (XIDX:BSSR),14194510000000,-0.0008336707272079604,0.11018490592371748,0.07531625350453688,28,0.23438824577450632,-0.2063513779203636,0.013251176386499882
SURE,PT Super Energy Tbk (XIDX:SURE),4582585000000,0.002716636891691356,0.09839226103856474,0.060770952516879626,30,0.20832093064828214,-0.18524811350597684,0.005711046814226732
INCI,PT Intanwijaya Internasional Tbk (XIDX:INCI),161972200000,0.006262646820417878,0.11616480493643186,0.08206961708363858,31,0.24758293055273936,-0.21707628919298808,0.003563784488731663
MYOH,PT Samindo Resources Tbk (XIDX:MYOH),2239407000000,0.0004973573460646122,0.07640283649403849,0.04200276859963004,32,0.16173452326983856,-0.1438768227063154,0.0022312616883922946
MGRO,PT Mahkota Group Tbk (XIDX:MGRO),2612518000000,0.01113507238566864,0.09192026332153869,0.0535322916591045,33,0.19434552428270524,-0.1733355290034495,0.0041192592520589875
UNIC,PT Unggul Indah Cahaya Tbk (XIDX:UNIC),5740387000000,0.016641835996648563,0.14311674647339012,0.12540038487991798,34,0.30990010765745213,-0.26256687823610836,0.007137294995105971
DEWA,PT Darma Henwa Tbk (XIDX:DEWA),13833730000000,-0.008847593891249679,0.13842363320645498,0.11678942303805721,34,0.2987334022900706,-0.2549611305357493,0.018664470815235475
SHIP,PT Sillo Maritime Perdana Tbk (XIDX:SHIP),7017058000000,0.042235548403623265,0.1485535693482445,0.1288167335028429,36,0.3218484351825322,-0.27236584221044585,0.025249212940943976
GEMS,PT Golden Energy Mines Tbk (XIDX:GEMS),42941180000000,-0.012111341936411443,0.12534060172876157,0.08886850946745564,37,0.2675391762980201,-0.2338232306170262,0.02178227683738333
BBCA,PT Bank Central Asia Tbk (XIDX:BBCA),750560100000000,-0.01672209206663003,0.05220913219119278,0.028158790898029838,38,0.11160813003887207,-0.09722839872589906,0.0014707645291430907
MARK,PT Mark Dynamics Indonesia Tbk (XIDX:MARK),4522001000000,-0.015921876782573327,0.16266226862565838,0.1714780165240276,39,0.3587887917909277,-0.29186028271170583,0.013563748832698687
MAPI,PT Mitra Adiperkasa Tbk (XIDX:MAPI),25730000000000,-0.011411607456826123,0.11127771876616203,0.06627532156436845,40,0.23565012374664793,-0.2094607513180002,0.009020004198416462
CEKA,PT Wilmar Cahaya Indonesia Tbk (XIDX:CEKA),1297100000000,-0.0014929729583644767,0.1120065593700055,0.0678383901886158,41,0.2373311830383849,-0.2106950544416371,0.0053147143050348246
INPP,PT Indonesian Paradise Property Tbk (XIDX:INPP),7827380000000,-0.008179683232730498,0.10463285539891379,0.059020625755223974,42,0.22116092701817444,-0.1973704945774807,0.009376504171167052
BTON,PT BETONJAYA MANUNGGAL TBK (XIDX:BTON),260640000000,-0.009855077539101196,0.1038246441162361,0.05766986572134698,42,0.2193565611373693,-0.1959420153275751,0.004660563030294843
CITA,PT CITA MINERAL INVESTINDO Tbk (XIDX:CITA),13188000000000,-0.004145263107037223,0.1205875575048143,0.07648298692587163,44,0.25611773121383924,-0.226232498805418,0.008537426601195748
INKP,PT Indah Kiat Pulp & Paper Tbk (XIDX:INKP),44178190000000,0.003006048155929348,0.1530119896219664,0.12599003830760852,45,0.33102168529807485,-0.2810262731897908,0.006982425993754547
IMPC,PT Impack Pratama Industri Tbk (XIDX:IMPC),77967940000000,0.11351587352402576,0.1667655311101011,0.16243758510806708,46,0.3663397719931384,-0.300722352447266,0.029735926628114636
BUDI,PT Budi Starch & Sweetener Tbk (XIDX:BUDI),998777400000,-0.0031533013751370007,0.08839532408586677,0.03907181913952466,47,0.18596413390734332,-0.16761716243612376,0.00482409294949528
KEJU,PT Mulia Boga Raya Tbk (XIDX:KEJU),3262500000000,-0.0018056337196814126,0.11670070133143066,0.06902651315057991,47,0.24691211708695304,-0.21989068823876962,0.003817943545835867
BALI,PT Bali Towerindo Sentra Tbk (XIDX:BALI),5390392000000,-0.0005401644811279735,0.12670800569175023,0.08001974962915889,49,0.26927487389511146,-0.23755714887188945,0.01862149089354508
TPIA,PT Chandra Asri Pacific Tbk (XIDX:TPIA),148799900000000,-0.03546049946650752,0.1707625340174216,0.1510506888898266,49,0.3730385860548943,-0.31001155001479214,0.02505578575164339
ALDO,PT Alkindo Naratama Tbk (XIDX:ALDO),3227353000000,0.009820840770550697,0.12941797672474262,0.08292569925125863,51,0.27528774928521477,-0.24238415761375573,0.019357267833810796
BOGA,PT Apollo Global Interactive Tbk (XIDX:BOGA),5895466000000,-0.011979367749623287,0.13848166085255356,0.09467407914856905,52,0.2956629647709012,-0.25826367863931304,0.03455940994505547
PTRO,PT Petrosea Tbk (XIDX:PTRO),53456060000000,0.009190457078961854,0.18139438049037598,0.20830215140219704,53,0.40629332030931314,-0.3192842016521908,0.031106279991456088
LPGI,PT Lippo General Insurance Tbk (XIDX:LPGI),1920000000000,-0.011908617498165424,0.11445568862605686,0.06115999588322739,53,0.24163120631744242,-0.21619154818678502,0.013769841186924085
CLPI,PT Colorpak Indonesia Tbk (XIDX:CLPI),487078200000,0.006055889728852369,0.08566836107752696,0.031876811303275514,55,0.17978727595593022,-0.1628861683541776,0.0021782596863461306
ULTJ,PT Ultrajaya Milk Industry & Trading Company Tbk (XIDX:ULTJ),21004310000000,-0.004202277047205275,0.0740992241042548,0.02334612222891894,56,0.1556480973716627,-0.1407487990453565,0.00659756709161468
ADRO,PT Alamtri Resources Indonesia Tbk (XIDX:ADRO),71137220000000,-0.006557414795770676,0.12209624834189765,0.06652566295457021,57,0.258034750169153,-0.2303502431984376,0.011547318622876156
TKIM,PT Pabrik Kertas Tjiwi Kimia Tbk (XIDX:TKIM),22415210000000,0.00793843613279412,0.1719517293784618,0.13515740615643554,58,0.37286372810397694,-0.3149431894098702,0.013392248797115537
SGRO,PT Prime Agri Resources Tbk (XIDX:SGRO),7801889000000,0.02885601081525235,0.11129916212567018,0.05341337397993487,59,0.2342629076417593,-0.2109337408609214,0.016681870493210797
SKRN,PT Superkrane Mitra Utama Tbk (XIDX:SKRN),3075000000000,-0.00850318581287465,0.15743551381013213,0.11106296692597882,59,0.33791330003108305,-0.29182875520944546,0.02803463786376532
BBSI,PT Krom Bank Indonesia Tbk (XIDX:BBSI),15643300000000,0.007333164389181478,0.18468613073352858,0.17598447654118757,61,0.4072814461686904,-0.3314630767654239,0.007346178177714609
NISP,PT Bank OCBC NISP Tbk (XIDX:NISP),28394720000000,-0.00625817739800525,0.07377564993324846,0.01625154974688576,62,0.15446998813164306,-0.1406326116013508,0.0012363153490726145
BNGA,PT Bank CIMB Niaga Tbk (XIDX:BNGA),43061060000000,-0.010977602893688076,0.10534117423692374,0.0416309483726588,63,0.22078752108016722,-0.20057717586752774,0.0019640666952833855
BYAN,PT Bayan Resources Tbk (XIDX:BYAN),397500000000000,0.0038164444348683553,0.18166731701455907,0.14349712333109985,64,0.39512309104413346,-0.3315461770141028,0.06304618017612955
MLIA,PT Mulia Industrindo Tbk (XIDX:MLIA),1468530000000,-0.001198858354711358,0.11223456536022863,0.04988564732955694,65,0.23578774428635085,-0.21315051715456368,0.009261631793366776
MEGA,PT Bank Mega Tbk (XIDX:MEGA),45331700000000,-0.006134168725841631,0.09999087531089547,0.03231936224308289,66,0.2089331115621138,-0.19103038968146807,0.006549964898804719
SDPC,PT Millennium Pharmacon International Tbk (XIDX:SDPC),244608000000,0.01947723803413317,0.1122309426372646,0.04903256373392154,66,0.2356845757424561,-0.2132391948066023,0.022198199269411294
SKLT,PT Sekar Laut Tbk (XIDX:SKLT),1409111000000,0.0222617751031399,0.16614394851162975,0.10825076000589576,68,0.35599282534017096,-0.30858296870634805,0.012911050397021862
YULE,PT Yulie Sekuritas Indonesia Tbk (XIDX:YULE),6426000000000,0.004542604171140101,0.19318241627844643,0.17636916469117636,68,0.4261559735690927,-0.34657369154469303,0.014789731975969993
ARCI,PT Archi Indonesia Tbk (XIDX:ARCI),30912880000000,0.0036147994968676357,0.14883983054074496,0.08463491852827927,70,0.3157115878726438,-0.279647734290336,0.01790536839155116
KBLI,PT KMI Wire and Cable Tbk (XIDX:KBLI),1362460000000,0.0007544600150764689,0.12470921321398316,0.058564444871837464,71,0.26244167189039397,-0.23639518096553866,0.0026821172088921743
NICK,PT CHARNIC CAPITAL TBK (XIDX:NICK),1836243000000,-0.0038201483303925213,0.20056176709696316,0.189154518054713,72,0.44465304788135096,-0.3575940205065017,0.04973836934359581
SRTG,PT Saratoga Investama Sedaya Tbk (XIDX:SRTG),24348880000000,-0.00883655090789462,0.10853434210652059,0.034952037796338827,73,0.22658190026069616,-0.2075554681653862,0.010157900614573168
SATU,PT KOTA SATU PROPERTI TBK (XIDX:SATU),332750000000,0.0018627288853244883,0.1486522659903456,0.08060399323839314,74,0.31482938331790394,-0.2797796806434784,0.008711568069489762
EKAD,PT Ekadharma International Tbk (XIDX:EKAD),1348636000000,0.01052911161142019,0.1324625041772685,0.06592479116968328,74,0.2793772909003838,-0.2504727258086901,0.039275666005407134
AGII,PT Samator Indo Gas Tbk (XIDX:AGII),10426640000000,-0.013656968104152033,0.15497579080814294,0.08804646804338578,76,0.3291970330952788,-0.29070613013729296,0.030051614249706437
CCSI,PT Communication Cable Systems Indonesia Tbk (XIDX:CCSI),402666700000,0.024971427657464674,0.14777379208376165,0.07928401667675052,77,0.31274271491778655,-0.27835245341726006,0.009408170114590086
TINS,PT TIMAH (Persero) Tbk (XIDX:TINS),34408620000000,0.001115413912685428,0.16936053679306282,0.09834021110182838,78,0.3610957441468215,-0.31634640302542977,0.027163108907936485
FUJI,PT FUJI FINANCE INDONESIA TBK (XIDX:FUJI),358800000000,0.051143963107288845,0.17823872577174033,0.11350747124153815,79,0.38218258003500943,-0.33077232305195187,0.03025319052553822
BSIM,PT Bank Sinarmas Tbk (XIDX:BSIM),17761310000000,0.00967284166491222,0.13210563254636168,0.06147536947917435,79,0.2780522272839381,-0.25037030290150863,0.011007991655409156
PSAB,PT J Resources Asia Pasifik Tbk (XIDX:PSAB),14156100000000,-0.0043664687636270905,0.17393181458701293,0.10589372725843837,81,0.3720016369296154,-0.3237256214184363,0.02491453435234462
GHON,PT Gihon Telekomunikasi Indonesia Tbk (XIDX:GHON),893750000000,-0.0007999059603290733,0.08494877504545041,0.013713541812941604,82,0.17665473172398333,-0.16314036845781832,0.0029304290452617037
CASS,PT Cahaya Aero Services Tbk (XIDX:CASS),3829553000000,-0.006244841132137002,0.11834886864378354,0.04271727351291299,83,0.2474729978995145,-0.22592247667561965,0.012514867301016488
MAPA,PT MAP Aktif Adiperkasa Tbk (XIDX:MAPA),18527600000000,-0.03291909570514509,0.1540602178879091,0.082972011284252,84,0.3264874172069857,-0.2897534543446507,0.013515459079655432
MTLA,PT Metropolitan Land Tbk (XIDX:MTLA),5128935000000,0.010556733842032043,0.11098782451209603,0.03353537178100094,84,0.23141738660251682,-0.2125339114458673,0.0131998740775113
JPFA,PT Japfa Comfeed Indonesia Tbk (XIDX:JPFA),24156740000000,0.0045018664665290075,0.1347902685856496,0.06514804284192446,86,0.2840815789839387,-0.2550794953586597,0.009862688045739792
AKRA,PT AKR Corporindo Tbk (XIDX:AKRA),28805440000000,-0.011517564879454822,0.09424197535940863,0.019171533177958524,86,0.19601043349632363,-0.1809574679413109,0.007270561092697042
RDTX,PT Roda Vivatex Tbk (XIDX:RDTX),3467520000000,-0.0003793508040391964,0.13338087831527468,0.06146973904409889,88,0.2806803640342091,-0.2528431492268896,0.00661936666499492
AMAG,PT Asuransi Multi Artha Guna Tbk (XIDX:AMAG),1930599000000,-0.0006873466663668091,0.07840631874997897,0.005969718347104295,89,0.16300042075967572,-0.15062485424024016,0.00271464780000126
ANTM,Antam (Persero) Tbk PT (XIDX:ANTM),75937220000000,0.000885684917265487,0.15845048798420663,0.08413469195884989,90,0.3359518785858411,-0.29785007335098546,0.01311342551352793
ISSP,PT Steel Pipe Industry of Indonesia Tbk (XIDX:ISSP),2874397000000,0.014270798974756933,0.13077474615713228,0.05735386492804743,90,0.2747696490615075,-0.24832933556702158,0.004187323528049047
UNTR,PT United Tractors Tbk (XIDX:UNTR),93906150000000,-0.007934069684155163,0.09144759762822928,0.014315411112060009,92,0.18992402483186402,-0.1758663656810531,0.008089103142145029
BMRI,PT Bank Mandiri (Persero) Tbk (XIDX:BMRI),372372000000000,-0.01605793662185368,0.07500636307818188,-0.001050915585218877,93,0.15565362042056144,-0.1443718318921661,0.002666901723151702
BRPT,PT Barito Pacific Tbk (XIDX:BRPT),135464700000000,-0.0005491894425900153,0.21858590415289278,0.18914314485651007,94,0.4842355532587145,-0.39010806335285664,0.03782663952046089
ASSA,PT Adi Sarana Armada Tbk (XIDX:ASSA),2196227000000,-0.009308780498369106,0.17601392283891804,0.09994509024957779,95,0.37533929270130106,-0.3287163986543711,0.013624295587112369
AMIN,PT Ateliers Mecaniques D'Indonesie Tbk (XIDX:AMIN),282960000000,0.010853887243051544,0.13309635766474157,0.0573334888534955,96,0.2794710332626483,-0.25291439739631794,0.014212396025048367
KEEN,PT KENCANA ENERGI LESTARI TBK (XIDX:KEEN),3116366000000,0.003764997846018631,0.1217700176101077,0.03986966656219439,97,0.25385768659031144,-0.2332223838501193,0.009903102772204561
LFLO,PT IMAGO MULIA PERSADA Tbk (XIDX:LFLO),725792900000,-0.011118210940511103,0.2205810741445221,0.18506226470626777,97,0.48741383906048674,-0.3949104575176017,0.03731950441892206
CSRA,PT Cisadane Sawit Raya Tbk. (XIDX:CSRA),1424750000000,0.0063568645750977735,0.121802336675007,0.03936745037093447,99,0.25384891259058023,-0.2333604341094478,0.011120278369563648
PPGL,PT PRIMA GLOBALINDO LOGISTIK TBK (XIDX:PPGL),360911300000,0.03204245542650952,0.19546759054985874,0.1187149740434479,100,0.4195518940177076,-0.36231846818172736,0.032113298040084094
SMDR,PT Samudera Indonesia Tbk (XIDX:SMDR),6419235000000,0.00303637476136389,0.16651146271245645,0.08723428495610387,100,0.3532681534317761,-0.3127776974180497,0.02445404974349456
ERAA,PT Erajaya Swasembada Tbk (XIDX:ERAA),9490250000000,-0.0181032779000017,0.15693562010329462,0.07706774333088472,102,0.3316856339163303,-0.29605684649684816,0.009332899441141098
MYOR,PT Mayora Indah Tbk (XIDX:MYOR),31078590000000,-0.016762594997923836,0.07657247913082653,-0.004554066799632153,103,0.15851596169682494,-0.14777395482648117,0.0063330016903859815
WOMF,PT Wahana Ottomitra Multiartha Tbk (XIDX:WOMF),940000000000,-0.006894550678456873,0.11605339190001697,0.031989114226890825,104,0.24153894863008882,-0.22267461896997906,0.012442978445537028
KBLM,PT Kabelindo Murni Tbk (XIDX:KBLM),360640000000,-0.005337280694337266,0.14669007841115803,0.0648505691479952,105,0.3086128115157908,-0.2781475021288413,0.008479244671052532
MICE,PT Multi Indocitra Tbk (XIDX:MICE),300000000000,-0.0003837616056837352,0.08730627742331316,0.0028215235534556414,105,0.18057861118488786,-0.1686464985083648,0.00689218047186198
DSNG,PT Dharma Satya Nusantara Tbk (XIDX:DSNG),15899760000000,0.005446675796396216,0.12666424047784147,0.04587546704647176,107,0.26485898176583766,-0.24179798014552822,0.020953335461890016
PTPW,PT PRATAMA WIDYA Tbk (XIDX:PTPW),974788100000,-0.0016753747419096152,0.13083979002394067,0.05012824392091265,108,0.2736869977940375,-0.24967216230172518,0.006727240908290531
SMSM,PT Selamat Sempurna Tbk (XIDX:SMSM),9645781000000,-0.018492113533296647,0.07248568738932061,-0.010541736822455964,109,0.1499269693589353,-0.14001578019834715,0.002889064203314979
TOTL,PT Total Bangun Persada Tbk (XIDX:TOTL),5234350000000,0.0031809816971782702,0.09231563952218512,0.004550606686602465,110,0.190771090831005,-0.1784914672577355,0.006829048780401131
BBRI,PT Bank Rakyat Indonesia (Persero) Tbk (XIDX:BBRI),475637600000000,-0.003473492675643032,0.08125120640700045,-0.0032655987881933103,110,0.16795679859296608,-0.15704802703503573,0.004024975277752112
PORT,PT Nusantara Pelabuhan Handal Tbk (XIDX:PORT),2659175000000,-0.01242924201567417,0.1340426949547041,0.052291751696912685,112,0.28066763840009024,-0.2555031414187262,0.01331899914302519
TRUS,PT Trust Finance Indonesia Tbk (XIDX:TRUS),348800000000,-0.013729812133992306,0.1469499953143276,0.0611110981917898,113,0.3085999858417392,-0.27919999541557117,0.010844944407854612
GMTD,PT Gowa Makassar Tourism Development Tbk (XIDX:GMTD),1040765000000,-0.03576860024705636,0.12622022369425107,0.039503310199536214,114,0.2631462836586981,-0.24173461111830616,0.020501226853459887
PTBA,PT Bukit Asam (Persero) Tbk. (XIDX:PTBA),35829250000000,0.0011708782220496822,0.11532192322925232,0.026012488308031344,115,0.23936337625831236,-0.2219243166586969,0.009947497823917241
TGKA,PT Tigaraksa Satria Tbk (XIDX:TGKA),4482245000000,0.00037446331627053776,0.13429310710655035,0.0506619674004619,116,0.2811094868475866,-0.2560629415786148,0.002722508812296452
ASGR,PT Astra Graphia Tbk (XIDX:ASGR),2994293000000,0.01100129404372047,0.07680396178538958,-0.012211298944114823,117,0.15838976705347252,-0.1488260800880858,0.007990346475204496
BAYU,PT Bayu Buana Tbk (XIDX:BAYU),453888700000,-0.0011997810166454932,0.10856738852816757,0.016239976601175335,118,0.2246176285258304,-0.20965192558683987,0.004024987853722849
BBMD,PT Bank Mestika Dharma Tbk. (XIDX:BBMD),8138870000000,-0.004538263534923022,0.07373953798685219,-0.01764183226336843,119,0.15189789503350917,-0.1430602569138996,0.0012691047448910554
MBSS,PT Mitrabahtera Segara Sejati Tbk (XIDX:MBSS),5075078000000,-0.003225510593249041,0.18800468006959592,0.09426726681304608,120,0.3994517670975609,-0.35256695318082276,0.055944990056589324
MKPI,PT Metropolitan Kentjana Tbk (XIDX:MKPI),20386170000000,0.007968749819628423,0.10446297621402348,0.012233185616246332,120,0.21592358702624576,-0.20192831782984816,0.012007377799692713
STTP,PT Siantar Top Tbk (XIDX:STTP),11626250000000,-0.0036751897662518074,0.1675706333672567,0.07565755359358231,123,0.35353897052935424,-0.31674356293967254,0.0035021031379722676
BRIS,PT Bank Syariah Indonesia (Persero) Tbk (XIDX:BRIS),69186830000000,-0.018709383480244018,0.18161839266219057,0.08729532833485207,123,0.3846835718354721,-0.3417899988132902,0.009429917841374787
TRST,PT Trias Sentosa Tbk (XIDX:TRST),1330992000000,-0.0013849855082578594,0.07621803151080499,-0.017163625556414056,123,0.15684760488825866,-0.14802452115496129,0.004025989907722438
GEMA,PT Gema Grahasarana Tbk (XIDX:GEMA),124800000000,0.02089861811123802,0.10042622568202195,0.005203583131778564,123,0.20709474719813817,-0.19461015552994962,0.004865677259205515
IKBI,PT Sumi Indo Kabel Tbk (XIDX:IKBI),660960000000,0.006702494952237235,0.13511934434807948,0.04902343955991734,126,0.2825824233273298,-0.25789495406498814,0.005114292323682871
INTD,PT Inter Delta Tbk (XIDX:INTD),239098500000,-0.00043994742755064896,0.21277878694010302,0.11642528868933973,126,0.45605012519682214,-0.39506502256358994,0.01736912814898823
DSSA,PT Dian Swastatika Sentosa Tbk (XIDX:DSSA),209975500000000,0.00048097907927401214,0.2282573312410117,0.13217427975039964,128,0.4924041304566996,-0.42062519450734714,0.0790670579394288
VOKS,PT Voksel Electric Tbk (XIDX:VOKS),1047212000000,0.046840837000325736,0.13747441560447815,0.04953504471322452,129,0.28747835215299566,-0.26241931026491694,0.013106445563154198
TALF,PT Tunas Alfin Tbk (XIDX:TALF),906801400000,0.04750502007457029,0.11343016508235133,0.019265403285834364,130,0.23476532765994004,-0.2189553326694653,0.013386008531054877
BBNI,PT Bank Negara Indonesia (Persero) Tbk (XIDX:BBNI),127019700000000,-0.009412091437324318,0.09532433817018521,-0.003219010860249628,130,0.1960615458807016,-0.18523580680003923,0.004423323585566312
MPMX,PT Mitra Pinasthika Mustika Tbk (XIDX:MPMX),4452768000000,-0.005987936407130627,0.12542876736423758,0.030918644816197483,132,0.2604553418564906,-0.24125972760045972,0.007896467880491653
KICI,PT Kedaung Indah Can Tbk (XIDX:KICI),70104000000,0.01500228074019081,0.17163186322202006,0.07344710758460657,134,0.36158930998720146,-0.3249381429008788,0.035848136901955874
SRAJ,PT Sejahteraraya Anugrahjaya Tbk (XIDX:SRAJ),159106500000000,-0.012950468012915193,0.2551928596178621,0.189697410266566,134,0.564514863443899,-0.4562565750275493,0.10319857297731119
KKGI,PT Resource Alam Indonesia Tbk (XIDX:KKGI),1440000000000,-0.002494016520928612,0.13065551813107287,0.03611197769222692,134,0.2717489850384085,-0.250873087485883,0.013957020678635055
IPAC,PT ERA GRAHAREALTY Tbk (XIDX:IPAC),179525100000,0.03991807024366817,0.1730750774881862,0.07590794176258266,134,0.36472280773847515,-0.3275775022142697,0.02124340896726851
SIDO,PT Industri Jamu dan Farmasi Sido Muncul Tbk (XIDX:SIDO),10440000000000,0.0001930833073316221,0.07753991489980344,-0.020202854917184633,138,0.15923302176874243,-0.15092663783047133,0.005764934466826887
HRUM,PT Harum Energy Tbk (XIDX:HRUM),11760750000000,0.02469899869157665,0.18446120024579518,0.08536529373885665,138,0.3903887046541418,-0.3474560963290389,0.02084489327844206
ANJT,PT Austindo Nusantara Jaya Tbk (XIDX:ANJT),5232513000000,0.0028002933959294695,0.10495596391411696,0.006556127888712359,138,0.21631975217048507,-0.20350410348598277,0.004240018213699151
ESSA,PT ESSA Industries Indonesia Tbk. (XIDX:ESSA),9991646000000,-0.002241030780253013,0.17412734514119108,0.07655504515169648,140,0.3673047366719582,-0.3292046438928061,0.027923496968677856
ADMF,PT Adira Dinamika Multi Finance Tbk (XIDX:ADMF),10195380000000,-0.0059654294844442455,0.06798774987719394,-0.03293206415102093,140,0.13945624243409568,-0.1324947570746801,0.0018736892603683814
LTLS,PT Lautan Luas Tbk (XIDX:LTLS),1443000000000,0.007232663849460717,0.08886582840993544,-0.011941699228846707,142,0.18239016744542424,-0.17307314619431752,0.007227128323354768
MBAP,PT Mitrabara Adiperdana Tbk (XIDX:MBAP),2104772000000,0.002948508694118692,0.12465350807115431,0.025461049122789403,143,0.25820054485478344,-0.24041348742983382,0.012673571095624937
ADMG,PT Polychem Indonesia Tbk (XIDX:ADMG),917846400000,0.0019644052330277783,0.13626156702369321,0.04001938170542043,144,0.28369595733003344,-0.2613503107647394,0.005650314833144935
ITMG,PT Indo Tambangraya Megah Tbk (XIDX:ITMG),28219880000000,-0.004848473229045129,0.1411036480600346,0.04615743505265653,145,0.29443999821124023,-0.2699745940288981,0.009712777725633677
SMAR,PT Sinar Mas Agro Resources and Technology Tbk (XIDX:SMAR),19746330000000,0.034396116665787756,0.1065355678565296,0.004237595736127973,146,0.21924231000130112,-0.20689996142481726,0.009467015112306746
SAFE,PT Steady Safe Tbk (XIDX:SAFE),374470600000,-0.015496689306259956,0.2236054314322408,0.11210959881365791,146,0.4779988976950521,-0.41642282803391106,0.051104668444162824
SILO,PT Siloam International Hospitals Tbk (XIDX:SILO),26142310000000,0.0050482584565081645,0.12262280975682763,0.022880365179261144,148,0.2537709938003457,-0.23672024522696486,0.007360333332412828
SIPD,PT Sreeya Sewu Indonesia Tbk (XIDX:SIPD),1434500000000,0.004009824268496456,0.1528433144894958,0.05407630257903251,148,0.31967154992065494,-0.2917017080373283,0.0305558111390315
MEDC,PT Medco Energi Internasional Tbk (XIDX:MEDC),36698900000000,-0.01513018151182344,0.1813578889094945,0.07671211055324173,150,0.3823478438628638,-0.3430837117751142,0.014658274599570094
CARE,PT Metro Healthcare Indonesia Tbk (XIDX:CARE),12302500000000,0.011141652888089828,0.1648331394994235,0.061828887868686545,151,0.34529467071742076,-0.3140378872802732,0.028153321955279333
TOBA,PT TBS Energi Utama Tbk (XIDX:TOBA),3910171000000,0.02704536805236603,0.17714370352642833,0.07443031791626445,151,0.3731919888433403,-0.335382825262373,0.05598437287096305
IFSH,PT IFISHDECO Tbk (XIDX:IFSH),3315000000000,0.041923249632889965,0.23651072675126025,0.12371561916308631,153,0.5077336645600277,-0.43830924244501335,0.0555173545726638
SGER,PT SUMBER GLOBAL ENERGY TBK (XIDX:SGER),11456380000000,0.0007805953531665188,0.28305803831764176,0.23591117165701347,154,0.6383025530481062,-0.4939296002224608,0.04170586415151738
IBST,PT Inti Bangun Sejahtera Tbk (XIDX:IBST),11448920000000,0.01268007352990188,0.19742413499415018,0.08864750574406076,155,0.41806914674935763,-0.3716273932272431,0.03801388989992278
IFII,PT INDONESIA FIBREBOARD INDUSTRY TBK (XIDX:IFII),1920048000000,0.004096310475438254,0.07772928593538946,-0.035627808175389714,157,0.1581413878406263,-0.1527757559009315,0.004434466916635394
BOLT,PT Garuda Metalindo Tbk (XIDX:BOLT),1816406000000,-0.0017621199013887036,0.09887600040514903,-0.008730898062454334,157,0.202590615926881,-0.19291338569371513,0.010864643414918083
ASRM,PT Asuransi Ramayana Tbk (XIDX:ASRM),347613800000,0.01796955010350546,0.12241482241447048,0.019231240111957378,157,0.2529035532922034,-0.23675573636567854,0.0035177802572028557
BBTN,PT Bank Tabungan Negara (Persero) Tbk (XIDX:BBTN),15144570000000,-0.00019556106246198688,0.12347605600264666,0.019434201034554496,159,0.2550714901207498,-0.23883273388983686,0.004629383249596097
ISAT,PT Indosat Tbk (XIDX:ISAT),74176860000000,-0.0174116831252226,0.17560908902526604,0.06960149001359166,161,0.36916055192676717,-0.333275804174297,0.014967491734681525
BJTM,PT Bank Pembangunan Daerah Jawa Timur Tbk (XIDX:BJTM),7655652000000,-0.006267151253448167,0.08042338008047197,-0.032704441228366965,161,0.16393627807386263,-0.15775724224802523,0.0015515432094327978
BRMS,PT Bumi Resources Minerals Tbk (XIDX:BRMS),84361500000000,0.03449020342776603,0.19263491067312433,0.08192831144250212,161,0.40677179392272206,-0.36376784876977525,0.030961566211210653
DKFT,PT Central Omega Resources Tbk (XIDX:DKFT),3721243000000,0.004639197107492469,0.15622992844907924,0.05346275653643468,163,0.3265320591466833,-0.2983876546496336,0.024734592063167308
SPMA,PT Suparma Tbk (XIDX:SPMA),852865600000,0.02781433774882607,0.1276875842812916,0.02411149550988678,164,0.26417362679779693,-0.2465767103273694,0.016185186379318924
WIIM,PT Wismilak Inti Makmur Tbk (XIDX:WIIM),3139311000000,0.027308387013943343,0.21150452471083037,0.0936543837062282,164,0.44853709495467936,-0.3974810038886421,0.02816656439706764
LAPD,PT Leyand International Tbk (XIDX:LAPD),309375300000,0.08899463775390262,0.25376671641865944,0.13109857393424948,167,0.5465466190275775,-0.46852024664706027,0.08737932940244479
PMJS,PT PUTRA MANDIRI JEMBAR Tbk (XIDX:PMJS),1801984000000,0.009741464666677656,0.09093212388588624,-0.02427169193020321,167,0.18510931133301867,-0.1786191842105263,0.009413380146389805
INDY,PT Indika Energy Tbk (XIDX:INDY),13702810000000,0.04058829193113525,0.23863653885738664,0.115918466020828,167,0.5106551788557884,-0.4438909765737582,0.027457375255988067
INCO,PT Vale Indonesia Tbk (XIDX:INCO),45110280000000,0.014699454762297167,0.151254679045914,0.046143931544399996,169,0.31520856326763996,-0.28981015291601603,0.018473007849218227
ELSA,PT Elnusa Tbk (XIDX:ELSA),4999473000000,-0.007179778575372962,0.1255952766043263,0.021301937228065036,171,0.25958569552716654,-0.24279541089013865,0.00936387731259874
JRPT,PT Jaya Real Property Tbk (XIDX:JRPT),14847330000000,0.0038523836000593985,0.07915862169366772,-0.03860263352034813,171,0.160981231744266,-0.15565325503040486,0.0016051254508566994
TSPC,PT Tempo Scan Pacific Tbk (XIDX:TSPC),11906040000000,-0.009870810813711526,0.06713739521925723,-0.05427663614801908,171,0.13635051808642018,-0.13219906279060872,0.002386998073973003
NELY,PT Pelayaran Nelly Dwi Putri Tbk (XIDX:NELY),451200000000,0.0048709800919464275,0.12910378919253832,0.024290706964737507,173,0.26706332031653696,-0.24935183645361633,0.011092701645052421
DPNS,PT Duta Pertiwi Nusantara Tbk (XIDX:DPNS),102650300000,0.019811042718774912,0.0764603637987344,-0.04789295924019919,174,0.15497853413071233,-0.15086292106422527,0.0022689853123275196
PKPK,PT Paragon Karya Perkasa Tbk (XIDX:PKPK),7380000000000,0.017043236311600964,0.28447112793737894,0.17719305997294946,174,0.6250682851280855,-0.5128162266214302,0.11981337447657445
PSGO,PT Palma Serasih Tbk (XIDX:PSGO),3638050000000,-0.0047654512720316684,0.11237338192405254,0.0025088243392896482,176,0.23048396085272027,-0.21900956684348988,0.006425391873284083
BKDP,PT Bukit Darmo Property Tbk (XIDX:BKDP),1360033000000,0.052210535849437426,0.15413619917872334,0.0491371287018728,178,0.3215659282342562,-0.29497886848063715,0.04369982954535436
RIGS,PT Rig Tenders Indonesia Tbk (XIDX:RIGS),383751900000,0.0033303017087356838,0.18605322694964516,0.0735541919093693,178,0.39151116827984905,-0.35270173951873157,0.014269576833721164
BLUE,PT BERKAH PRIMA PERKASA Tbk (XIDX:BLUE),1237280000000,0.04562315300050962,0.2647870840683038,0.14229838770875688,178,0.5727266447374949,-0.48642169153572035,0.09291884928860113
SSIA,PT Surya Semesta Internusa Tbk (XIDX:SSIA),7834241000000,-0.028439981001186165,0.1664387929074337,0.05726999782746947,180,0.3481292547432299,-0.31762591688650493,0.04032094725769658
BESS,PT BATULICIN NUSANTARA MARITIM Tbk (XIDX:BESS),2666353000000,-0.03090229343535769,0.2683233965295214,0.14515340615240818,181,0.5810317900351065,-0.4922617960829792,0.05031531627682
LIFE,PT MSIG Life Insurance Indonesia Tbk. (XIDX:LIFE),17850000000000,0.04863524687376162,0.1822484879468897,0.06921555880070987,182,0.38258510827947234,-0.34640884350808643,0.0318733666359601
PYFA,PT Pyridam Farma Tbk (XIDX:PYFA),2359718000000,0.01698539806209693,0.21513932464373117,0.09297962908287037,182,0.4560019435141228,-0.40455535506080187,0.0756940689672347
BDMN,PT Bank Danamon Indonesia Tbk (XIDX:BDMN),41509260000000,-0.003715493087791717,0.12188691327388437,0.013291357159114064,184,0.251113588665261,-0.23643406443027648,0.015263256602490225
GLVA,PT GALVA TECHNOLOGIES Tbk (XIDX:GLVA),495000000000,0.005872543362247036,0.1444360172746931,0.03576061622061293,185,0.2994892955903438,-0.2782547735084286,0.015002385158722499
AUTO,PT Astra Otoparts Tbk (XIDX:AUTO),15905120000000,0.002981480137356161,0.09966000257733981,-0.016428814264047825,187,0.2034024291029291,-0.19523758120643014,0.00803462366498558
DVLA,PT Darya-Varia Laboratoria Tbk (XIDX:DVLA),1769600000000,0.0005663423043184433,0.054157558859174275,-0.07758841741530739,187,0.10983283805553598,-0.10679739738116112,0.001543419254071666
EPMT,PT Enseval Putera Megatrading Tbk (XIDX:EPMT),7123723000000,-0.0025641457559341368,0.07927198998611323,-0.04599003612797408,187,0.16061797790897583,-0.1564699820354771,0.001541099087454351
ASPI,PT Andalan Sakti Primaindo Tbk. (XIDX:ASPI),567562900000,0.037803258148278236,0.28539151152433634,0.1551957882769361,190,0.6205232324845135,-0.5210428136128319,0.07762104088979392
BRNA,PT Berlina Tbk (XIDX:BRNA),616839300000,-0.0023440167150557125,0.07933208729593685,-0.04692311746071177,190,0.16066138536143015,-0.15666696382231726,0.008065940333044728
ICBP,PT Indofood CBP Sukses Makmur Tbk (XIDX:ICBP),77843230000000,-0.004617104330660822,0.062244013130540954,-0.07056842622180973,190,0.1258152838328771,-0.12316076868928673,0.004387092561109715
INDF,PT Indofood Sukses Makmur Tbk (XIDX:INDF),58828860000000,-0.009110557292480472,0.06445147631811002,-0.06973257042306155,192,0.13012830514514426,-0.12767760012729581,0.0021560437497389687
HEXA,PT Hexindo Adiperkasa Tbk (XIDX:HEXA),3024000000000,-0.006511213351132396,0.10625315943574339,-0.008345048435385152,193,0.2173393507297299,-0.20767328701324364,0.004384901036458946
TBLA,PT Tunas Baru Lampung Tbk (XIDX:TBLA),3585097000000,-0.005061469263505446,0.09593856748547701,-0.025182953406086454,193,0.19518083811626769,-0.18857343182564035,0.0020499294663989085
ZONE,PT MEGA PERINTIS TBK (XIDX:ZONE),565611400000,-0.0012323417541301976,0.15322728829592724,0.04175555410324916,195,0.3183871794013161,-0.29452197378239287,0.037561333338792136
ASBI,PT Asuransi Bintang Tbk (XIDX:ASBI),137264300000,-0.013288633547448121,0.11981088157303328,0.0067003871324216565,195,0.24614426205542972,-0.2330992642367034,0.01215275740282737
INDO,PT Royalindo Investa Wijaya Tbk (XIDX:INDO),752764600000,-0.00931887181029516,0.16446188797728775,0.05153920969606014,198,0.3428492034824959,-0.3149983484266551,0.01345949512020581
PNIN,PT Paninvest Tbk (XIDX:PNIN),2786802000000,-0.017314609173964324,0.10937519706129756,-0.006669026289747142,198,0.22374068767809416,-0.21376010056709607,0.011576912658991878
SIMP,PT Salim Ivomas Pratama Tbk (XIDX:SIMP),8835747000000,-0.006342872804358737,0.09832695884719062,-0.0244918427809427,198,0.19996542889731472,-0.19334240649144774,0.00641720336637415
MRAT,PT Mustika Ratu Tbk (XIDX:MRAT),150656000000,-0.00245686025471779,0.13850642829910473,0.029040006578642245,200,0.2867548038073468,-0.2672709093890721,0.034527793922427524
TLKM,PT Telkom Indonesia (Persero) Tbk (XIDX:TLKM),234777500000000,0.0005821391524617665,0.06587234604668354,-0.07635844574884729,202,0.1324345017515592,-0.13105488243517496,0.003417463182841149
WAPO,PT Wahana Pronatural Tbk (XIDX:WAPO),436804900000,0.06826259639348971,0.24180785968228674,0.10776559394460013,202,0.5153940066038548,-0.4518374321252922,0.0965597977627464
CFIN,PT Clipan Finance Indonesia Tbk (XIDX:CFIN),1410520000000,-0.002245851916627668,0.08896723310191741,-0.037811409448261946,202,0.18029020934568638,-0.17557872306198327,0.007151709274873441
BULL,PT BUANA LINTAS LAUTAN TBK (XIDX:BULL),5392064000000,0.010806614335115415,0.17398511046242668,0.05805435375665238,204,0.3637905336961764,-0.3321499081535303,0.038527305421375745
STAR,PT Calculus Global Ventures Tbk (XIDX:STAR),1459200000000,0.06262567789244451,0.2597626626422231,0.11971928382007696,204,0.5563436448393165,-0.4827070057295758,0.09765078004343275
HEAL,PT Medikaloka Hermina Tbk (XIDX:HEAL),9450059000000,-0.0017732249553574567,0.10500370362780698,-0.012602136219913018,206,0.21427648557089793,-0.20573832894032998,0.009787761631603317
ASDM,PT ASURANSI DAYIN MITRA TBK (XIDX:ASDM),193920000000,0.0006576940080860062,0.05510863967010641,-0.08654578268290278,207,0.11116757860752051,-0.10926698007290513,0.002202822107803191
BNII,PT Bank Maybank Indonesia Tbk (XIDX:BNII),14242560000000,0.0013494583780870083,0.1046558462047166,-0.014225395221327033,207,0.2135426412550958,-0.2050807435637706,0.001460208022603811
INDR,PT Indo-Rama Synthetics Tbk (XIDX:INDR),1917251000000,0.027867888479127183,0.22478777553645468,0.09017967700474826,209,0.47556655968554984,-0.4235845424602689,0.017542103013084474
BBHI,PT ALLO BANK INDONESIA TBK (XIDX:BBHI),16887670000000,-0.002083533295408918,0.2806190350262219,0.13284493665391373,209,0.6042098300078966,-0.5182663100969909,0.03400670158677516
MPRO,PT MAHA PROPERTI INDONESIA TBK (XIDX:MPRO),119310000000000,0.0004004341864814534,0.31918259249670716,0.1892981249035874,211,0.7043428684024564,-0.5723875015843722,0.051881633726143496
ITMA,PT SUMBER ENERGI ANDALAN Tbk (XIDX:ITMA),1378693000000,-0.0002956377484295957,0.19734550297932565,0.07643829952360426,211,0.41549548024516847,-0.37388653167213415,0.04781149644022133
ABDA,PT Asuransi Bina Dana Arta Tbk (XIDX:ABDA),3054369000000,0.004783290580513019,0.09404338678580199,-0.03597524042087388,213,0.19042325974213864,-0.1857502874010693,0.016269774321358055
KMDS,PT KURNIAMITRA DUTA SENTOSA Tbk (XIDX:KMDS),416000000000,0.0010293522711742505,0.1029413819740812,-0.019122071379480344,214,0.20932160415422754,-0.20244392374209727,0.009748524937264752
DMAS,PT Puradelta Lestari Tbk (XIDX:DMAS),8820254000000,0.0038635351815506057,0.10454179371643256,-0.01632521064145949,215,0.21309259099595923,-0.205074583869771,0.00905604516718533
AIMS,PT Artha Mahiya Investama Tbk (XIDX:AIMS),106480000000,-0.04982672280186927,0.23410589747954227,0.09747933945225977,215,0.4967520028274159,-0.4396715870907532,0.05120571000041703
TEBE,PT DANA BRATA LUHUR Tbk (XIDX:TEBE),3006900000000,0.08050661167627174,0.23012750800554563,0.09339734012217922,217,0.4872035850767106,-0.43330644694547193,0.0456928112628184
MIKA,PT Mitra Keluarga Karyasehat Tbk (XIDX:MIKA),23295030000000,0.002185721378397839,0.08265197050695393,-0.05231451885558718,217,0.16670102752759888,-0.16390685450021683,0.004161439001314216
LRNA,PT Eka Sari Lorena Transport Tbk (XIDX:LRNA),72100010000,0.0074698817776111,0.1595095944428656,0.04205133934449863,219,0.3314465005904986,-0.3065918771809638,0.02163793001281625
CPIN,PT Charoen Pokphand Indonesia Tbk (XIDX:CPIN),48702060000000,0.0002160776658898583,0.09443387767731191,-0.03598036010702593,219,0.19118971004963842,-0.18654580065960924,0.004120350849004742
SOSS,PT SHIELD ON SERVICE Tbk (XIDX:SOSS),1349718000000,0.034548951278747415,0.22705432703855669,0.08966571701809603,221,0.480010528207542,-0.42820677994668477,0.06696103593807977
MGLV,PT PANCA ANUGRAH WISESA TBK (XIDX:MGLV),27906540000000,0.03312695444571574,0.35895171020757094,0.34032377159782085,222,0.8454981001140455,-0.5903087407162383,0.1446908477199878
ENRG,PT Energi Mega Persada Tbk (XIDX:ENRG),35198020000000,0.0009014613146835818,0.2245479714580825,0.08791644218451622,222,0.474557121286657,-0.423634764545673,0.041151276276907824
IPOL,PT INDOPOLY SWAKARSA INDUSTRY Tbk (XIDX:IPOL),715215100000,0.0115229540711992,0.10585533696486174,-0.015944532490227988,224,0.21574257969037033,-0.20767876816907663,0.0035908405979663822
SSTM,PT Sunson Textile Manufacturer Tbk (XIDX:SSTM),494123700000,-0.005309375441943438,0.2546255373697291,0.11020309091846298,224,0.543031315604524,-0.4754708338743923,0.11356756232765106
ABMM,PT ABM Investama Tbk (XIDX:ABMM),7130698000000,-0.007058846076227845,0.11487964475330092,-0.0048038975971357815,226,0.23492713907735877,-0.22459143993584493,0.018551130989604345
CSMI,PT CIPTA SELERA MURNI TBK (XIDX:CSMI),195854800000,0.02623574457268187,0.2799918391557427,0.12052924633911531,227,0.5991559662033293,-0.5208113904196415,0.08186348948651605
LSIP,PT Perusahaan Perkebunan London Sumatra Indonesia Tbk (XIDX:LSIP),10264050000000,-0.004707189593084794,0.10925452122389076,-0.014208688075121734,227,0.2226763986550616,-0.21434168624050143,0.008226706233307618
PGLI,PT Pembangunan Graha Lestari Indah Tbk (XIDX:PGLI),104432000000,-0.002942393423135143,0.23447460105475676,0.09346464313800863,229,0.4965840066421704,-0.44131439757685664,0.054149620106034795
NICL,PT PAM MINERAL Tbk (XIDX:NICL),3935189000000,-0.020679758867163067,0.28213856561092066,0.12465914767383138,229,0.60488840812613,-0.5236658543175526,0.04246851238322691
PBSA,PT PARAMITA BANGUN SARANA Tbk (XIDX:PBSA),2250000000000,0.07078874358211193,0.18444353797368646,0.06060574127529677,231,0.38566579375581184,-0.352108358138934,0.013515495181186893
TUGU,PT Asuransi Tugu Pratama Indonesia Tbk (XIDX:TUGU),5368919000000,-0.013227532747822256,0.12510105596347293,0.007041557795259988,232,0.25667536753475767,-0.24372885631913405,0.015910948352886103
CTTH,PT Citatah Tbk (XIDX:CTTH),120622300000,0.004888554078809074,0.19679067471806264,0.07092725913150695,233,0.4132588922366645,-0.37390380663558603,0.07041448750167927
YPAS,PT Yanaprima Hastapersada Tbk (XIDX:YPAS),701400100000,0.010560726097927312,0.26163510357803993,0.11082403690955925,234,0.557985385151996,-0.4885550291601637,0.0762973765529132
BEEF,PT Estika Tata Tiara Tbk (XIDX:BEEF),3361783000000,0.02229828217957924,0.2502379266601108,0.10019456569766673,235,0.5310731990043406,-0.4698785076361026,0.05171355310742987
BBLD,PT Buana Finance Tbk (XIDX:BBLD),1086225000000,-0.006649618200684805,0.12370929171102082,0.0023163126674104195,236,0.25342485244165536,-0.2414123144024279,0.008215247040742274
RAJA,PT Rukun Raharja Tbk (XIDX:RAJA),13843700000000,-0.015770169448892667,0.2539161638119631,0.10296807455915338,236,0.5396973057312376,-0.4759673495166146,0.10196283772360236
PNBN,PT Bank Pan Indonesia Tbk (XIDX:PNBN),20023620000000,-0.0023769629866235327,0.1228075720124722,0.000879353914285136,238,0.2514428549642445,-0.23978743308564426,0.013411667842137235
IGAR,PT Champion Pacific Indonesia Tbk (XIDX:IGAR),432345800000,-0.002104078283784744,0.15186338701217003,0.030590395476352755,239,0.31409205471156787,-0.29336149333711226,0.005082591497309855
KOBX,PT Kobexindo Tractors Tbk (XIDX:KOBX),386325000000,0.010150598451266705,0.139891761586674,0.024001603671505646,239,0.2888608694120072,-0.27070617693468874,0.022461347868268686
SMDM,PT Suryamas Dutamakmur Tbk (XIDX:SMDM),2347892000000,-0.0313882454635893,0.23407911082783878,0.08844058667181424,241,0.49458003516505533,-0.4417364081462998,0.04882891756539734
ASII,PT Astra International Tbk (XIDX:ASII),190272700000000,-0.006471963553910437,0.0775305241828753,-0.08323827543594225,242,0.15432726085927057,-0.15579483587223064,0.0023364073423208782
BNLI,PT Bank Permata Tbk (XIDX:BNLI),67878040000000,0.028317544581945346,0.1703618357569499,0.04504118506548536,242,0.3541166901064715,-0.3273306529213281,0.017782396658034112
POWR,PT Cikarang Listrindo Tbk (XIDX:POWR),14800180000000,0.002517693479793026,0.0659984934405741,-0.10891258008670536,245,0.13041403161111403,-0.13357994215118235,0.0026707570771506233
GOLD,PT Visi Telekomunikasi Infrastruktur Tbk (XIDX:GOLD),342310000000,-0.0004780495059218434,0.12795618877974546,0.009421014213313395,245,0.26283757425281346,-0.24898718086616842,0.0038773019809600134
MGNA,PT Magna Investama Mandiri Tbk (XIDX:MGNA),498031900000,0.01307507214234039,0.23677971832743358,0.08933566621449253,245,0.5004320301578754,-0.44668684315185886,0.06316531972047144
GOOD,PT Garudafood Putra Putri Jaya Tbk. (XIDX:GOOD),11216960000000,-0.0012936572133704118,0.058462470235906186,-0.11789390602126097,248,0.11558958864759929,-0.11826029229602546,0.002744242958319455
BMAS,PT Bank Maspion Indonesia Tbk (XIDX:BMAS),8745758000000,0.024804764967395296,0.17276538899978133,0.048515100589650736,248,0.3596322278454443,-0.33142932815368104,0.01842871846030691
BLTZ,PT Graha Layar Prima Tbk (XIDX:BLTZ),1621153000000,0.04107737197007681,0.19483264952888016,0.06436661335817656,248,0.407925736499682,-0.37140486161583863,0.03763354042607549
CAKK,PT CAHAYAPUTRA ASA KERAMIK TBK (XIDX:CAKK),188918100000,0.016580420973583296,0.20575125586060938,0.0717198086887335,248,0.43181596957655793,-0.3911890538658796,0.04181011479952034
BTPN,PT Bank SMBC Indonesia Tbk (XIDX:BTPN),24760080000000,-0.0004911982822944118,0.08548729338865065,-0.06917873076368017,251,0.1707804039443992,-0.1711687696102034,0.0031559742824366814
LUCY,PT LIMA DUA LIMA TIGA TBK (XIDX:LUCY),427166300000,0.04429266026085551,0.3971737448135156,0.1927721569302868,252,0.8763452997928773,-0.712349679461185,0.18007828015348684
BISI,PT BISI INTERNATIONAL Tbk (XIDX:BISI),2055000000000,-0.0036355242775087324,0.10383687176732319,-0.03325943345719567,254,0.20993990762784484,-0.2054075794414479,0.00834348602563681
RUIS,PT Radiant Utama Interinsco Tbk (XIDX:RUIS),144760000000,-0.00486584407472853,0.11678940944338533,-0.0080617504885854,254,0.23835701142827595,-0.22880062634526535,0.005895820760494086
FITT,PT HOTEL FITRA INTERNATIONAL Tbk (XIDX:FITT),526925900000,0.11525745017994475,0.35995366115213134,0.1694067959203778,254,0.7863649496741623,-0.6534496949343631,0.15100378420762253
ROCK,PT Rockfields Properti Indonesia Tbk. (XIDX:ROCK),3100000000000,0.03500825763917077,0.24388542108478403,0.09322170758356492,254,0.5159135502379043,-0.4596281341012319,0.05837410399179211
MLBI,PT Multi Bintang Indonesia Tbk (XIDX:MLBI),14169580000000,-0.0011893419468452203,0.07686468506319118,-0.08970192124654823,257,0.15255417982035036,-0.15490456043241435,0.003517182420189541
GWSA,PT Greenwood Sejahtera Tbk (XIDX:GWSA),1131110000000,0.010787194055707057,0.12275107840071106,-0.0019031819324343297,257,0.2509882587869702,-0.24001605481587407,0.013004387398739376
TOTO,PT Surya Toto Indonesia Tbk (XIDX:TOTO),2476800000000,0.0006350697451971005,0.06169959086260921,-0.12600429981357875,259,0.12134448759993818,-0.12545387585049866,0.002363636884963615
MDKI,PT EMDEKI UTAMA Tbk (XIDX:MDKI),485788800000,0.00531670351401374,0.07981965235209768,-0.08197435882101964,260,0.15866852487461436,-0.16061008453377634,0.0006211221278659896
TBIG,PT Tower Bersama Infrastructure Tbk (XIDX:TBIG),32739360000000,-0.010477742324757122,0.11562335340606714,-0.011378710757545448,260,0.23565078173705628,-0.22684263188721226,0.009904763638236239
JECC,PT Jembo Cable Company Tbk (XIDX:JECC),517860000000,0.022274360908490207,0.18451289356034786,0.055136354431609934,262,0.3849188750373881,-0.35313269920400336,0.0491255853328048
BMSR,PT Bintang Mitra Semestaraya Tbk (XIDX:BMSR),405720000000,0.0421059087222712,0.20788695840162183,0.07081085010947409,262,0.4362142886744825,-0.39533354493200484,0.06513794283132146
JSPT,PT Jakarta Setiabudi Internasional Tbk (XIDX:JSPT),3176668000000,-0.02784138988225427,0.2099834469735126,0.07198022396668802,264,0.4408012691096229,-0.39913251878442746,0.02820366118056547
MBTO,PT Martina Berto Tbk (XIDX:MBTO),160500000000,0.0067296878583034386,0.12213972351418739,-0.0058484538532235205,265,0.2492848381119037,-0.23927405594484588,0.016475059729689684
TRUK,PT GUNA TIMUR RAYA Tbk (XIDX:TRUK),1122300000000,0.06323531059736569,0.3325858380331384,0.13798970538528257,265,0.7166574471637839,-0.6136859049687697,0.15506077732475226
DMND,PT DIAMOND FOOD INDONESIA Tbk. (XIDX:DMND),5681016000000,-0.0032146202768369245,0.062903750141729,-0.13446874006198217,268,0.122798104053175,-0.12881689651374098,0.0031980190806769997
BACA,PT Bank Capital Indonesia Tbk (XIDX:BACA),2172885000000,-0.003556360697274597,0.15573453868101347,0.02958214801704038,268,0.3217957591568013,-0.3011423955672526,0.012928641496414877
ARNA,PT Arwana Citramulia Tbk (XIDX:ARNA),3854251000000,-0.013155643844906783,0.09154703393942737,-0.06620120728368749,268,0.18275326332897104,-0.18343487242873843,0.004504260664929815
SOFA,PT Solusi Environment Asia Tbk (XIDX:SOFA),532451000000,0.05891976978355069,0.37801577797942265,0.16758469321345704,268,0.8247929971209015,-0.6872701147967891,0.1189705046864862
PUDP,PT Pudjiadi Prestige Tbk (XIDX:PUDP),171371200000,0.01865066967083523,0.19369628653131798,0.05986495660977275,272,0.40470791247145455,-0.3700772336538174,0.06554465906729579
CINT,PT Chitose Internasional Tbk (XIDX:CINT),190000000000,-0.005442296399428862,0.08864480172960475,-0.07561871642149162,272,0.17630611695512627,-0.17827308996329272,0.013102806492237188
PWON,PT Pakuwon Jati Tbk (XIDX:PWON),12521500000000,-0.007428005733261772,0.09219106065067657,-0.0653700749296377,272,0.18407530437892275,-0.18468893822378354,0.0035893854871430113
POLU,PT. GOLDEN FLOWER Tbk (XIDX:POLU),11550000000000,-0.009627542590196131,0.45527313906636036,0.20515848122619895,272,1.0094284548409669,-0.8116641014244745,0.06300477057575982
TIRA,PT Tira Austenite Tbk (XIDX:TIRA),214032000000,-0.019506926834546183,0.24239516972075087,0.08772831294314752,275,0.5117749783668183,-0.45780570051618524,0.012868000575072244
WIFI,PT SOLUSI SINERGI DIGITAL Tbk (XIDX:WIFI),8944905000000,-0.006436267804686788,0.30619271582191315,0.11937181702248946,276,0.6543585314961708,-0.5704123317914818,0.020582716403059257
VICO,PT Victoria Investama Tbk (XIDX:VICO),2297779000000,0.009916293565445496,0.17823908248238884,0.049293369776543666,278,0.3709838895863611,-0.3419724403431943,0.015009052150684323
APIC,PT PACIFIC STRATEGIC FINANCIAL Tbk (XIDX:APIC),4706526000000,0.0003813507075517853,0.1309140975674812,0.0061002955080677705,278,0.26834652943644316,-0.25530986083348167,0.021564699394077978
IPCM,PT Jasa Armada Indonesia Tbk (XIDX:IPCM),1500886000000,-0.0009496643307371792,0.10353747134237958,-0.042756727550313796,278,0.20822688508257456,-0.20592300028694374,0.0025610911433015787
GDST,PT Gunawan Dianjaya Steel Tbk (XIDX:GDST),988947500000,-0.007278000056093961,0.1714060942421118,0.03826057410163996,280,0.35509000367459376,-0.3305343732938535,0.01565554674793167
ERTX,PT Eratex Djaja Tbk (XIDX:ERTX),198127100000,0.04396313591747752,0.21680318519123856,0.07221492482587345,280,0.45498251572321946,-0.4122302250417348,0.07530080208090803
MASB,PT Bank Multiarta Sentosa Tbk (XIDX:MASB),4551778000000,-0.008236312823201308,0.04831181513753379,-0.16912559530849217,283,0.09388774563907339,-0.09935951491106178,0.0014897395993584681
MERK,PT Merck Tbk (XIDX:MERK),1653120000000,0.0003295836129560987,0.08624658892089934,-0.08603683477154975,283,0.17079251394134862,-0.17419384174224875,0.006126099858288359
CSAP,PT Catur Sentosa Adiprana Tbk (XIDX:CSAP),1602655000000,0.006777984543429096,0.07953178874838739,-0.09718187081949854,283,0.15705424909673246,-0.16107290589681708,0.004252961634242859
PGJO,PT Bahtera Bumi Raya Tbk (XIDX:PGJO),644645900000,-0.024061258134349024,0.37144351000793896,0.14649272833102664,283,0.8027499850142429,-0.683024055017513,0.16542253473680169
TOWR,PT Sarana Menara Nusantara Tbk (XIDX:TOWR),23166460000000,-0.0024741662531665744,0.09362589960504888,-0.06724151624330973,287,0.18667597138115752,-0.18782762703903802,0.004685246438373969
PTSN,PT Sat Nusapersada Tbk (XIDX:PTSN),2072594000000,0.031012926968492633,0.2940605961501185,0.11151500540953027,287,0.6266330808907943,-0.5496093037096796,0.008664552250340588
DCII,PT DCI INDONESIA Tbk (XIDX:DCII),471981700000000,-0.0134438860986851,0.4768281138165114,0.19452908286698525,287,1.0518406582783908,-0.8554717969876549,0.03622627479537081
DOID,PT Delta Dunia Makmur Tbk (XIDX:DOID),1759732000000,-0.023886574044590065,0.22165162310180941,0.07426168374913608,287,0.4654831885610352,-0.42112330384620245,0.020018935617152577
SINI,PT SINGARAJA PUTRA TBK (XIDX:SINI),22005750000000,0.0009427174583827719,0.5427898101408978,0.21711167519569582,290,1.2088808971695955,-0.9622783433939956,0.33565041527685496
KLBF,PT Kalbe Farma Tbk (XIDX:KLBF),33939710000000,-0.020544171303557224,0.06582194342634029,-0.15490364145872623,290,0.12716754774819733,-0.13612022595716383,0.002276299030287809
GJTL,PT Gajah Tunggal Tbk (XIDX:GJTL),4303728000000,-0.010900306079952512,0.13450133980164786,0.009646622962473,293,0.2760198829364568,-0.26198547627013463,0.004222376798043735
ROTI,PT Nippon Indosari Corpindo Tbk (XIDX:ROTI),3495366000000,-0.0077582351775485996,0.057507620749517735,-0.18089831790565708,293,0.11033192925883836,-0.11969855373923258,0.00232254558801359
AYLS,PT Arkayana Lestari Grup Tbk (XIDX:AYLS),174098300000,-0.00817998411663158,0.39862199390068775,0.15270492792633472,293,0.863564179487107,-0.7309237961156441,0.1434239375913773
GZCO,PT Gozco Plantations Tbk (XIDX:GZCO),996000000000,0.021291751652527016,0.19091625890203187,0.05428033223822935,296,0.39791523538709295,-0.36574980022103454,0.061129114049605526
ATAP,PT TRIMITRA PRAWARA GOLDLAND Tbk. (XIDX:ATAP),675000000000,0.06319727938991401,0.37246105482285013,0.13863931514289654,296,0.801982174209373,-0.6878620450820275,0.13733202998869148
LMPI,PT Langgeng Makmur Industri Tbk (XIDX:LMPI),161362800000,0.02037110179709702,0.12876402002303347,8.201174140566233e-06,296,0.2632488156823653,-0.2518072644097686,0.020340888183324385
TMAS,PT Temas Tbk. (XIDX:TMAS),6732077000000,0.05006238387125077,0.23496780618328872,0.08038928982280673,296,0.494544227057022,-0.4453269976761329,0.10415829393067044
NATO,PT Olympus Strategic Indonesia (XIDX:NATO),7841090000000,0.04404883264790541,0.28352322977698763,0.10446184242691797,301,0.6021886838086343,-0.5319042352993162,0.11356278836726182
BAJA,PT Saranacentral Bajatama Tbk (XIDX:BAJA),837000000000,0.006963983329768726,0.19285881891735518,0.055446502806773164,301,0.4021307044992696,-0.36930457117015114,0.02618514638570468
ESTA,PT ESTA MULTI USAHA Tbk (XIDX:ESTA),332273500000,0.00780803551088767,0.29342075637923365,0.10853067549753723,301,0.6241236076727241,-0.5495594178442105,0.10484957198581718
AMAN,PT MAKMUR BERKAH AMANDA Tbk (XIDX:AMAN),747585500000,0.007091694773355321,0.1416279581917261,0.016182018083240914,301,0.2909846845834235,-0.2755271481834809,0.01675292909314947
SPTO,PT Surya Pertiwi Tbk (XIDX:SPTO),1633500000000,-0.0014565458907221684,0.07719465857444639,-0.11658841439255097,301,0.1509816635981207,-0.15779697069966486,0.0021508611712658036
UNIQ,PT Ulima Nitra Tbk (XIDX:UNIQ),357844100000,-0.016670550122302244,0.24980681267033103,0.0874688075467605,301,0.5268915439180895,-0.4723357067632346,0.018004224510187038
MINA,PT Sanurhasta Mitra Tbk (XIDX:MINA),2027813000000,-0.0036651553226006925,0.43229345699449656,0.15659261569280497,305,0.9378528866274674,-0.7913209413505189,0.06381509327468969
BBYB,PT Bank Neo Commerce Tbk (XIDX:BBYB),2616962000000,0.01872155805304359,0.2855391776841925,0.10528263720293156,307,0.6068603926398805,-0.5352963180968896,0.022247246462274828
SULI,PT SLJ Global Tbk (XIDX:SULI),461416700000,-0.006939427840258389,0.19169988929458232,0.05378828823664568,307,0.3994307071096218,-0.36736885006870745,0.048391652718381126
IPCC,PT Indonesia Kendaraan Terminal Tbk (XIDX:IPCC),1963856000000,-0.007509026579939411,0.10539889900585342,-0.044012739733834655,307,0.21174319899564706,-0.20985239702776662,0.004878020786438977
RONY,PT Aracord Nusantara Group Tbk (XIDX:RONY),1856250000000,0.008299892232690675,0.5052155754292852,0.1871219106377957,310,1.110393137154171,-0.9104691645629697,0.11735654734440758
DLTA,PT Delta Djakarta Tbk (XIDX:DLTA),1413163000000,-0.0018282723945642603,0.06157889976544023,-0.22188328631349677,310,0.11521419050350229,-0.13110140855825864,0.0018576618245219271
EXCL,PT XLSMART Telecom Sejahtera Tbk (XIDX:EXCL),43133680000000,-0.004624072269871394,0.10282092276487816,-0.05203505830582663,310,0.2060112724387741,-0.20527241862073853,0.007518801862000541
BINA,PT Bank Ina Perdana Tbk. (XIDX:BINA),24840080000000,0.002867947068935342,0.324177086709456,0.1180237150874188,312,0.6923344771587254,-0.6043738696790986,0.0028362805907377426
SOHO,PT Soho Global Health Tbk (XIDX:SOHO),16562650000000,-0.0073886427037967925,0.22522936048497166,0.07206465592538096,314,0.47209708999766226,-0.4288203519422244,0.05881448655124781
DUTI,PT Duta Pertiwi Tbk (XIDX:DUTI),8695000000000,0.016257264898389964,0.1376800713850127,0.011532110259435178,314,0.2826676041539114,-0.2680526813861394,0.003750085282729316
TPMA,PT Trans Power Marine Tbk (XIDX:TPMA),1585354000000,-0.0007764320333472005,0.17191124807635255,0.03440838847071957,314,0.3554574047791496,-0.3321875875262606,0.007814353944872674
AMFG,PT Asahimas Flat Glass Tbk (XIDX:AMFG),1388800000000,-0.0006434822603082098,0.08530704269276675,-0.10484207090296863,318,0.16739003798716298,-0.173838132783904,0.007506071336383004
DGIK,PT Nusa Konstruksi Enjiniring Tbk (XIDX:DGIK),759139600000,-0.012257821253502001,0.15966582094756324,0.026401226806074155,318,0.3292667350672882,-0.30939654872296474,0.022848062814372423
PNLF,PT Panin Financial Tbk (XIDX:PNLF),6276327000000,-0.007887884115188105,0.12774649265651952,-0.003566303776092708,318,0.2607571221340426,-0.25022884849203547,0.022579966734371383
NOBU,PT Bank Nationalnobu Tbk (XIDX:NOBU),3738848000000,-0.0022284621113294392,0.12362629587880414,-0.009847236382864605,318,0.2517549340190989,-0.2427502494961177,0.012841243496480376
BTPS,PT Bank BTPN Syariah Tbk (XIDX:BTPS),7207197000000,-0.005546917959796235,0.10869919275234159,-0.04109292945148625,318,0.21852396653747466,-0.2162728044718917,0.004818177221811378
ACES,Aspirasi Hidup Indonesia Tbk PT (XIDX:ACES),5855174000000,-0.011248206822949275,0.09644489907370585,-0.07156551002334992,322,0.19170738937619855,-0.19407220691862484,0.006340228224078615
BUKK,PT Bukaka Teknik Utama Tbk (XIDX:BUKK),2680059000000,-0.002011858435728669,0.15212962451176576,0.021427201116368595,322,0.313228402188656,-0.29529009585840704,0.03353990861630601
TRIS,PT Trisula International Tbk (XIDX:TRIS),534045400000,0.013231516450284607,0.10056609555320342,-0.05886644923650314,322,0.200931941767758,-0.2013324404450557,0.013375742416400303
TCID,PT Mandom Indonesia Tbk (XIDX:TCID),969141300000,0.014221837499495411,0.06741868982259255,-0.19006884042942246,324,0.12774290706748115,-0.14193185222288907,0.003861680115412916
BIPP,PT Bhuwanatala Indah Permai Tbk (XIDX:BIPP),281605500000,0.018381346032175824,0.1362881123601577,0.0074148174891355365,324,0.27930649581955186,-0.26584595362107893,0.018170768181075776
DNAR,PT Bank Oke Indonesia TBK (XIDX:DNAR),2023349000000,-0.004168195605264907,0.14992782660043932,0.016976205548477032,326,0.30812057842283125,-0.29159072797892605,0.020404478492593945
PSKT,PT Red Planet Indonesia Tbk (XIDX:PSKT),2401486000000,0.08258253853128211,0.1997357049082669,0.05764074162157227,326,0.4167040435959009,-0.38223877603716666,0.06506383524940952
KIJA,PT Kawasan Industri Jababeka Tbk (XIDX:KIJA),3436107000000,0.004820719313127827,0.11924822758883713,-0.022774727072265463,329,0.24150032896063423,-0.2354925813947143,0.012863106299483656
UANG,PT Pakuan Tbk (XIDX:UANG),4440700000000,0.30988637196899604,0.6502530055524023,0.1819167729272197,329,1.4242097224406514,-1.0,0.283949990570971
TIRT,PT Tirta Mahakam Resources Tbk (XIDX:TIRT),596947100000,0.027623801012143644,0.4210852294714469,0.1386091387341385,329,0.9062564395537452,-0.7780844783320423,0.3684151909745622
HOPE,PT HARAPAN DUTA PERTIWI Tbk (XIDX:HOPE),575197300000,0.02557719642433489,0.3521200851755791,0.12215930631625016,329,0.7526886863982913,-0.655791654304025,0.12938009704334752
JSMR,PT Jasa Marga (Persero) Tbk (XIDX:JSMR),19305940000000,-0.01607313133177665,0.08894491235774486,-0.0975841400198618,332,0.17492993155406433,-0.18084971787691512,0.003107832584633028
WINS,PT Wintermar Offshore Marine Tbk (XIDX:WINS),2465071000000,0.009458645263952384,0.14003843969531782,0.01296317369274258,332,0.2876119416282138,-0.2725418171530575,0.012037235798768853
PANR,PT Panorama Sentrawisata Tbk (XIDX:PANR),552225000000,-0.01153229064818689,0.18693364850090494,0.04856751313961049,334,0.38866591905176,-0.35906867495185973,0.051022014558899494
PANI,PT PANTAI INDAH KAPUK DUA Tbk (XIDX:PANI),84035500000000,-0.06054287896784781,0.5405297182455682,0.16859344108428992,334,1.1777569239697903,-0.9843619490124825,0.4695754702739973
ASJT,PT Asuransi Jasa Tania Tbk (XIDX:ASJT),224000000000,0.0016912766738448682,0.20935916282137335,0.06043708080358808,337,0.4370911019033007,-0.4003455493821927,0.005138154511519243
BAPA,PT Bekasi Asri Pemula Tbk (XIDX:BAPA),69487380000,0.0474071724457752,0.22140920352487703,0.06669784964757225,337,0.46330564443719213,-0.422331169662316,0.10837255427174028
RALS,PT Ramayana Lestari Sentosa Tbk (XIDX:RALS),2710672000000,-0.007957796461244938,0.11029458032362469,-0.04266812098720912,337,0.2216028177699146,-0.21957550352458413,0.00462088521787547
PGUN,PT PRADIKSI GUNATAMA Tbk (XIDX:PGUN),53648890000000,0.26419599406937117,0.6456497745170107,0.17233915345603396,337,1.4079820675828905,-1.0,0.4062963535939298
DYAN,PT Dyandra Media International Tbk (XIDX:DYAN),346110100000,-0.011555977247892334,0.1285140013720909,-0.006183384775222453,340,0.2619530708448418,-0.2521029346435218,0.006609868203224273
BRAM,PT Indo Kordsa Tbk (XIDX:BRAM),2092765000000,0.006077639404939328,0.18741753664268615,0.04749254859658053,341,0.3894557293723736,-0.360214417198371,0.0061261804881414346
BJBR,PT BANK PEMBANGUNAN DAERAH JAWA BARAT DAN BANTEN Tbk (XIDX:BJBR),7916334000000,-0.006444004780025016,0.1394409047718581,0.009391113538380015,341,0.2859110345324703,-0.27185258455496214,0.0021205533022578644
BELL,PT Trisula Textile Industries Tbk (XIDX:BELL),674250000000,0.0808849499694975,0.3168970454689081,0.11005848398420778,343,0.6742465902338458,-0.5933415916417867,0.17587264359995397
SHID,PT Hotel Sahid Jaya International Tbk (XIDX:SHID),777931700000,-0.03367053207179194,0.27723387288793344,0.0909360636455327,343,0.5853980225056487,-0.5235374690460851,0.16131127222942448
OMRE,PT Indonesia Prima Property Tbk (XIDX:OMRE),2665416000000,0.012446022268249236,0.2715950034098218,0.08960588713916728,345,0.573246237662893,-0.5131337759763942,0.07330858661660353
MLPT,PT Multipolar Technology Tbk (XIDX:MLPT),47109380000000,0.09171865861399514,0.39794838655570364,0.12693304263023764,346,0.8521292922468637,-0.7396642539759508,0.290948828632491
BMHS,PT BUNDAMEDIK Tbk (XIDX:BMHS),1703476000000,-0.0008222644458820436,0.06893380541723611,-0.43855932408512927,346,0.11307617151338728,-0.16265905015555715,0.0049601564986275605
PANS,PT Panin Sekuritas Tbk (XIDX:PANS),1195200000000,-0.003077166520703498,0.09184851618716795,-0.10163691769396975,349,0.1800815519144546,-0.1873125128342172,0.0037009761903529594
ARTA,PT Arthavest Tbk (XIDX:ARTA),920148800000,-0.006002119780567649,0.3457519562012232,0.11576087180335662,349,0.737248179900163,-0.6457596449047297,0.02294225575395854
VINS,PT Victoria Insurance Tbk (XIDX:VINS),219033700000,0.02074419302732948,0.21524431608799174,0.06119569984565484,349,0.44934345455668984,-0.41163380979527714,0.012775627869274843
WOOD,PT Integra Indocabinet Tbk (XIDX:WOOD),1216688000000,0.00010415753420724583,0.13973390883799935,0.007348870286838295,351,0.2860653727698923,-0.2728702625821051,0.011912934177915816
EAST,PT EASTPARC HOTEL Tbk (XIDX:EAST),367250100000,-0.011404322343249892,0.10920037066323203,-0.051187881229743624,353,0.21828470717457513,-0.218516775478353,0.0065880743165368785
AALI,PT Astra Agro Lestari Tbk (XIDX:AALI),15012570000000,0.00585491307148652,0.09945917862834659,-0.0816279972642459,353,0.19651942331586147,-0.2013172911975249,0.005383445026826493
ARTO,PT Bank Jago Tbk (XIDX:ARTO),11115440000000,0.009915937135468686,0.42354534961449797,0.12919516740628514,353,0.9074468233261812,-0.7867345751318107,0.010121005738257135
FILM,PT MD Entertainment Tbk (XIDX:FILM),6804729000000,0.09206555982042784,0.3077048562660261,0.10227390221605073,355,0.6524574568890689,-0.5783619681750356,0.07033968392639624
GPRA,PT Perdana Gapura Prima Tbk (XIDX:GPRA),436218800000,-0.012011013297002635,0.09994186110359282,-0.08104637031958536,356,0.19750351674190242,-0.20226392767246887,0.008540337895524365
BIPI,PT Astrindo Nusantara Infrastruktur Tbk (XIDX:BIPI),8154905000000,0.03926811924617159,0.21269926426010977,0.05922198710662461,357,0.4437147212259674,-0.4070823358144717,0.07970311861899389
AGRO,PT Bank Raya Indonesia Tbk (XIDX:AGRO),3282075000000,-0.00043206087460301995,0.2611966188006023,0.08365226128682204,359,0.5499626450244941,-0.49482383017791504,0.007087943643408935
RELI,PT Reliance Sekuritas Indonesia Tbk (XIDX:RELI),909000000000,0.004790610374379998,0.16312788219793803,0.023579441802490355,359,0.335821948420673,-0.31668958037107914,0.023161888347367786
APII,PT Arita Prima Indonesia Tbk (XIDX:APII),204394400000,0.0007527112398802108,0.10657529097639219,-0.057627033922727694,359,0.21272868366451037,-0.2135724802410584,0.0027839802856204983
PSDN,PT Prasidha Aneka Niaga Tbk (XIDX:PSDN),164160000000,0.03211447219755903,0.2122458383177368,0.0583570635577173,361,0.4425974401321899,-0.4063859131387573,0.021344303387572608
TIFA,PT KDB Tifa Finance Tbk (XIDX:TIFA),1051455000000,-0.034701278147219405,0.20438222504479223,0.05376576599632815,361,0.4254729365952987,-0.3920559635838702,0.018652682950298295
TFAS,PT TELEFAST INDONESIA Tbk (XIDX:TFAS),301666600000,0.032409235959798846,0.43743393160294264,0.12683524780895197,363,0.9358126256914973,-0.8139231007202733,0.06149776802165658
INAI,PT Indal Aluminium Industry Tbk (XIDX:INAI),95673600000,0.012789899848592235,0.13569950969267974,-0.0007968903433709776,364,0.2770106013766323,-0.26578743739408667,0.0122601486397707
CLAY,PT CITRA PUTRA REALTY Tbk (XIDX:CLAY),7118900000000,0.04833855139780398,0.3325552125609408,0.10655104543733371,365,0.7060693959872091,-0.624151454256554,0.1296612845499691
SSMS,PT Sawit Sumbermas Sarana Tbk (XIDX:SSMS),10144130000000,0.004571389473796743,0.13028098935012544,-0.008994175827153209,366,0.2651099281952475,-0.2560140292052543,0.011502902210915685
SOCI,PT Soechi Lines Tbk (XIDX:SOCI),4341285000000,0.00578316068411102,0.18440770326217895,0.037571397830460235,366,0.38146358132676983,-0.356167231721946,0.04369633353787908
UVCR,PT TRIMEGAH KARYA PRATAMA Tbk (XIDX:UVCR),516037400000,0.012194049311285097,0.4682175273921091,0.13131514463274002,368,1.003359230902611,-0.8695108786658255,0.05924176722153127
BSDE,PT Bumi Serpong Damai Tbk (XIDX:BSDE),11538390000000,0.016279535652991565,0.0923633695441849,-0.11557496680616255,370,0.17977156533934244,-0.1896819128373972,0.0037279438482871684
SMKL,PT SATYAMITRA KEMAS LESTARI Tbk (XIDX:SMKL),492204300000,0.016483361309782334,0.11217710853435216,-0.05041697435559232,370,0.22417228811630793,-0.2245361460211007,0.008243776417455072
UCID,PT Uni-Charm Indonesia Tbk. (XIDX:UCID),2020094000000,-0.000691952907238026,0.07866026380060319,-0.24018341272090984,370,0.14387977705481392,-0.17076127814759884,0.004677905251189383
INDS,PT Indospring Tbk (XIDX:INDS),1548749000000,0.044276919562838926,0.2424388818346265,0.07211022147476423,372,0.5080798047525892,-0.46167572258591677,0.1376643109102371
TCPI,PT Transcoal Pacific Tbk (XIDX:TCPI),8625000000000,-0.012156303157970682,0.1994538333564574,0.05029336097181337,372,0.41452316564524055,-0.383292167780589,0.026818649148885938
BUMI,PT Bumi Resources Tbk (XIDX:BUMI),65726360000000,0.0027635537978111108,0.26733455351126345,0.08328169432221723,374,0.5626529012099655,-0.5066853128350883,0.04550271599772882
GSMF,PT Equity Development Investment Tbk (XIDX:GSMF),1329286000000,0.08149615538814407,0.17429137783282272,0.028140917571615295,375,0.3592071945828293,-0.3379583167484616,0.03556299704298834
HELI,PT JAYA TRISHINDO Tbk (XIDX:HELI),229870000000,-0.052020802909512456,0.2743192227547149,0.08424292526965216,375,0.5773382129125751,-0.5199386781062844,0.04464088539532739
NIKL,PT Pelat Timah Nusantara Tbk (XIDX:NIKL),469343100000,-0.007213188848168498,0.3351448332470949,0.10481241865419973,377,0.7111367266864234,-0.6294426063019561,0.030679564501610607
CTRA,PT Ciputra Development Tbk (XIDX:CTRA),10009280000000,-0.009356718130093002,0.1117128903258097,-0.05431507085802427,378,0.22307780671796545,-0.22377375458527332,0.0032337536668795015
MTWI,PT Malacca Trust Wuwungan Insurance Tbk (XIDX:MTWI),783762400000,-0.0035927740632846223,0.15910833667710236,0.01644687073286949,380,0.32640879849270193,-0.3100245482157075,0.02753266482078102
EDGE,PT INDOINTERNET TBK (XIDX:EDGE),9676998000000,0.007908635673043264,0.23301159134427313,0.06417136653752631,380,0.48640467449169356,-0.44564169088539896,0.005152177323193686
CITY,PT NATURA CITY DEVELOPMENTS Tbk (XIDX:CITY),821588800000,0.025030905757461506,0.29998191379778844,0.09194572347230945,380,0.6331136039596343,-0.5668140512315194,0.0682061535088369
PJAA,PT Pembangunan Jaya Ancol Tbk (XIDX:PJAA),723200000000,0.018057072683640877,0.08709201386625805,-0.16169882577231037,385,0.16582107097634352,-0.18254698448868867,0.005295225390403462
MAPB,PT Map Boga Adiperkasa Tbk (XIDX:MAPB),2626715000000,-0.014819212086503521,0.09918404053838462,-0.10257057319328143,385,0.1937653859102917,-0.20297077624324678,0.015036696631319573
NIRO,PT City Retail Developments Tbk (XIDX:NIRO),3662814000000,-0.02438407890367348,0.13692187853132962,-0.003455483937527993,385,0.2790903453308452,-0.26859716879447326,0.023812580975509853
ARII,PT Atlas Resources Tbk (XIDX:ARII),1252500000000,0.0025951679112737394,0.17454049216502632,0.027199456453235054,385,0.3595481104661686,-0.3386138581939367,0.015571591009171073
BNBA,PT Bank Bumi Arta Tbk (XIDX:BNBA),2834232000000,0.022662791744317977,0.3131799489410658,0.09650799755882827,385,0.662303987250157,-0.5904158085141062,0.05273563354372137
ESTI,PT Ever Shine Tex Tbk (XIDX:ESTI),280114000000,0.07317069365816778,0.1771654419736835,0.030154800829253266,385,0.3653929921840572,-0.3432687757106768,0.04791176975866199
MITI,PT Mitra Investindo Tbk (XIDX:MITI),1020143000000,0.06216248386143447,0.184315523166666,0.033594330516859394,385,0.38054272255812793,-0.35671937010853605,0.025888858250425945
TFCO,PT Tifico Fiber Indonesia Tbk (XIDX:TFCO),3786115000000,0.013667987087960961,0.19647040632140483,0.044909346632239285,389,0.40748388984342165,-0.3783977354421977,0.02374405982139529
FORU,PT Fortune Indonesia Tbk (XIDX:FORU),56477120000000,-0.12189287978130184,0.3743588256536482,0.11058203090054747,389,0.7958347301537679,-0.7016005724608249,0.1880429986010053
DILD,PT Intiland Development Tbk (XIDX:DILD),1160976000000,-0.0014210505140635227,0.08717677974909074,-0.16448696117264605,392,0.16573383553258358,-0.1829732834637794,0.0032018916817838643
HMSP,PT Hanjaya Mandala Sampoerna Tbk (XIDX:HMSP),73280390000000,0.015351027349834746,0.0940713935452401,-0.12642228849904394,392,0.18196978585634388,-0.19431578832461655,0.012014303796062855
OASA,PT Maharaksa Biru Energi Tbk (XIDX:OASA),1586805000000,0.0427447869436183,0.3198168128421952,0.09807381294520212,392,0.676601056198191,-0.6026661951705898,0.18259536284037392
FMII,PT Fortune Mate Indonesia Tbk (XIDX:FMII),1523200000000,-0.018121394811406212,0.3078906358221314,0.09373791826363806,392,0.6503620185192444,-0.5812005247692812,0.04605784463892094
IATA,PT MNC Energy Investments Tbk (XIDX:IATA),2908652000000,-0.004932689144514543,0.19332835845964125,0.04072608992385181,395,0.4002499446508876,-0.3730634891876774,0.07775205983786285
CARS,PT Industri dan Perdagangan Bintraco Dharma Tbk (XIDX:CARS),1665000000000,0.05004303051946098,0.13437433395725595,-0.00674902173752146,395,0.27341378207449035,-0.26408355375453346,0.015009729935911573
BPFI,PT Woori Finance Indonesia Tbk (XIDX:BPFI),636410900000,0.004862607242149531,0.14488804170129344,0.001993748864954327,398,0.2957846733914214,-0.28376749341375235,0.013076850193675103
KONI,PT Perdana Bangun Pusaka Tbk (XIDX:KONI),605280000000,0.07900469188321285,0.6518466486472184,0.13046891245378991,398,1.3944587402502342,-1.0,0.2555656487112818
LPIN,PT Multi Prima Sejahtera Tbk (XIDX:LPIN),182750000000,0.05092309319369068,0.2109664431578543,0.05287475557962014,398,0.43880740505332905,-0.4050583675780881,0.08441096780442883
SONA,PT Sona Topas Tourism Industry Tbk (XIDX:SONA),2338272000000,0.04887025801085014,0.34066763432064784,0.1007389943626804,400,0.7213735031548182,-0.6412970341277732,0.22734613626177758
AMOR,PT Ashmore Asset Management Indonesia Tbk. (XIDX:AMOR),782222300000,0.004550880640646272,0.0870213924259118,-0.20701973177774607,401,0.16147683132933438,-0.1866087383743128,0.005704630294258578
SAMF,PT SARASWANTI ANUGERAH MAKMUR Tbk (XIDX:SAMF),3136500000000,-0.00307093108755312,0.4772205085515351,0.12048735700447755,403,1.0173769969061977,-0.8915050372999427,0.012920898487217594
GDYR,PT Goodyear Indonesia Tbk (XIDX:GDYR),446900000000,-0.0008745179745278367,0.15220289041313845,0.007599508635577007,403,0.3112821676264784,-0.29752939402607537,0.005524635190707625
AKSI,PT Mineral Sumberdaya Mandiri Tbk (XIDX:AKSI),273600000000,-0.0034750490368194373,0.4384717866326139,0.11450539513535903,403,0.9328706780694491,-0.8210164684610064,0.07071691496017403
BATA,PT Sepatu Bata Tbk (XIDX:BATA),76700000000,0.023237818713782846,0.08589595512895358,-0.25539001687694823,405,0.15557466044800924,-0.18800916006780508,0.00943169541383156
UNVR,PT Unilever Indonesia Tbk (XIDX:UNVR),62375250000000,0.0029282855702234822,0.09991515073563813,-0.11322708086270702,406,0.1942369202396697,-0.2054236827028828,0.013036271508294563
SOTS,PT SATRIA MEGA KENCANA TBK (XIDX:SOTS),498002000000,0.06795772345962188,0.4430515326702458,0.11393065154110082,406,0.9421147276068228,-0.8300914030741603,0.18854013326417568
KMTR,PT Kirana Megatara Tbk (XIDX:KMTR),2004549000000,0.015199375045872298,0.11295445042217753,-0.05868995002024792,409,0.2248502785176831,-0.226967523171027,0.008747154522091594
SAME,PT Sarana Meditama Metropolitan Tbk (XIDX:SAME),5012073000000,0.0037993946930922964,0.12658531451462324,-0.02489947218820813,409,0.25573844113120114,-0.2506028169272918,0.01133638936207972
MSIN,PT MNC Digital Entertainment Tbk (XIDX:MSIN),12499290000000,-0.011789029104170637,0.46377318220357433,0.11789465375194651,409,0.9878140046624103,-0.867278724151887,0.34804748700371746
BUVA,PT Bukit Uluwatu Villa Tbk (XIDX:BUVA),15754920000000,0.021423743469012733,0.2667966646742848,0.07747956671632633,411,0.5599843389490413,-0.5072023197480979,0.12803169092138256
PRDA,PT Prodia Widyahusada Tbk (XIDX:PRDA),2615625000000,0.009752235615126226,0.11684871838163188,-0.04972483959589253,411,0.2334761723303656,-0.23391870119616193,0.009682170530954683
GGRM,PT Gudang Garam Tbk (XIDX:GGRM),32420880000000,0.021221479439200816,0.10556852942692531,-0.08835149177824113,414,0.20752964141429373,-0.2147444762934075,0.01690777143813975
UNSP,PT Bakrie Sumatera Plantations Tbk (XIDX:UNSP),5475699000000,0.02549537916313025,0.1733903562940252,0.023461812947853718,414,0.35656848431452964,-0.3369929408615711,0.03939810528431585
MCOR,PT Bank China Construction Bank Indonesia Tbk (XIDX:MCOR),2477675000000,0.0036964638205210665,0.11017127182672136,-0.07853206836448533,414,0.21741028542269145,-0.223274801884194,0.0014130236690556726
SKBM,PT Sekar Bumi Tbk (XIDX:SKBM),851210800000,-0.006720520949877766,0.16648081540539078,0.017879200349555258,414,0.34165789428391896,-0.32426536733764416,0.026395830003743483
AKPI,PT Argha Karya Prima Industry Tbk (XIDX:AKPI),315307700000,0.007176407553058522,0.14245242378248343,-0.0030216278456979126,417,0.2901941289747257,-0.27961556615520805,0.021045071881569625
FPNI,PT Lotte Chemical Titan Tbk (XIDX:FPNI),2738676000000,-0.03145705302718883,0.4549362464402788,0.11254432408211226,419,0.9667927048567792,-0.8529522809043361,0.26166139558993057
SDRA,PT Bank Woori Saudara Indonesia 1906 Tbk (XIDX:SDRA),2967235000000,5.550319642401696e-05,0.09667172345928336,-0.13866325747626607,419,0.18565835045800483,-0.20102854337912862,0.0027152424715447925
INTP,PT Indocement Tunggal Prakarsa Tbk (XIDX:INTP),17155370000000,0.013726869303021774,0.10212693553293917,-0.11287475783900419,419,0.19844603756890536,-0.2100617045628513,0.005672613319962189
RANC,PT Supra Boga Lestari Tbk (XIDX:RANC),837000800000,0.05917232066817309,0.21194779477821898,0.050033115330049,419,0.4402197176366733,-0.40757146147620266,0.04002288301286507
INPC,PT Bank Artha Graha Internasional Tbk (XIDX:INPC),2843008000000,0.021132824897932532,0.2804916144526257,0.07775812459695315,422,0.5885134504304064,-0.5334530073800965,0.042537345443524846
TAMA,PT LANCARTAMA SEJATI Tbk (XIDX:TAMA),210000100000,0.012913507716125976,0.3500046694965472,0.09566760555555524,423,0.7389420964943676,-0.6610765814918211,0.05384546124717677
LCKM,PT LCK GLOBAL KEDATON Tbk (XIDX:LCKM),109000000000,0.00213151795814751,0.09759991595711069,-0.14839030100070202,423,0.18630035210656096,-0.2040993117218818,0.007348403132801428
BKSL,PT Sentul City Tbk (XIDX:BKSL),9223990000000,-0.022831918982212165,0.15205860638929078,0.00189384488707235,425,0.31012490781297436,-0.29810951774418876,0.009722400939471017
SMMT,PT Golden Eagle Energy Tbk (XIDX:SMMT),11953250000000,0.008389070170118786,0.38725631055730786,0.10018476688284247,425,0.8190295239318564,-0.7299957182973751,0.09169212850342766
DMMX,PT DIGITAL MEDIATAMA MAXIMA Tbk (XIDX:DMMX),1284615000000,0.009358630175507898,0.30869224451945604,0.08735221996242742,427,0.6498071279722231,-0.5849618501056011,0.035502006080395256
ALKA,PT Alakasa Industrindo Tbk (XIDX:ALKA),3756722000000,0.09084092200707897,0.7320589932582839,0.1169230442274061,429,1.5554322721825238,-1.0,1.2804713357842257
SNLK,PT SUNTER LAKESIDE HOTEL Tbk (XIDX:SNLK),104400000000,-0.00486441400268927,0.28649190237367883,0.07967358724795634,429,0.6012372568830565,-0.5447303526116588,0.034813209153782075
INPS,PT Indah Prakasa Sentosa Tbk (XIDX:INPS),692250000000,0.03552902617996777,0.29700935029255093,0.0806356887391122,429,0.6235604871624365,-0.5644769140077672,0.059873075057004364
KOTA,PT DMS PROPERTINDO Tbk (XIDX:KOTA),1813944000000,0.06543321756287805,0.33425580480058154,0.08971109553910074,431,0.7039717654919916,-0.6330514537103346,0.11780187621539405
PALM,PT Provident Investasi Bersama Tbk (XIDX:PALM),4279342000000,-0.010084431202673258,0.14236943370008917,-0.006653649479518356,431,0.2895113107118875,-0.27996642408846917,0.025723958562076665
HOKI,PT Buyung Poetra Sembada Tbk (XIDX:HOKI),377432300000,0.002032864233235298,0.1252275254936868,-0.03886230304548119,433,0.2511590896651724,-0.24975101230957472,0.006271955012492662
PADI,PT Minna Padi Investama Sekuritas Tbk (XIDX:PADI),569885300000,0.04229341921831442,0.283303410684325,0.07685524130101488,433,0.5940998929783414,-0.5391137497589586,0.0253108772956879
BVIC,PT Bank Victoria International Tbk (XIDX:BVIC),1586468000000,0.02350860414211327,0.18617588873173369,0.027632308424779404,435,0.3832159666623072,-0.36148758826462757,0.007372978020784282
MMLP,PT Mega Manunggal Property Tbk. (XIDX:MMLP),2039184000000,-0.014752221025285055,0.11718442889824995,-0.06180874401063285,435,0.23283527653364902,-0.2359024390593508,0.008994913567496906
BPTR,PT Batavia Prosperindo Trans Tbk. (XIDX:BPTR),240312000000,0.024676294350233625,0.15318280235148737,0.0013150119010508264,438,0.3121513372052208,-0.3005798722007287,0.03421294218656161
ELTY,PT Bakrieland Development Tbk (XIDX:ELTY),1436223000000,0.10480782528070294,0.19710742669539655,0.03537436238775377,438,0.40690712255218076,-0.38152258422940544,0.03546746353961181
TNCA,PT Trimuda Nuansa Citra Tbk (XIDX:TNCA),67040760000,0.014438199539358959,0.33327176772125483,0.08905791667346842,438,0.7018152862817816,-0.6312717846032377,0.10018509360933116
LABA,PT LADANG BAJA MURNI Tbk (XIDX:LABA),111443700000,0.010768325564529245,0.4071525074791543,0.09962976400670902,440,0.8603044030527717,-0.7683056268638456,0.1773847830896649
HOMI,PT GRAND HOUSE MULIA Tbk (XIDX:HOMI),368550000000,-0.014248020272306601,0.2533623142936128,0.06367592493140876,441,0.5282650009527095,-0.4851842562217416,0.056467152143431704
FLMC,PT Falmaco Nonwoven Industri Tbk (XIDX:FLMC),96875000000,0.15478453190903688,0.4511172626963554,0.10138678089290334,442,0.9534119762520264,-0.8510570745333951,0.18954978118598662
IKAN,PT ERA MANDIRI CEMERLANG TBK (XIDX:IKAN),64999970000,0.0031795377240996375,0.40883098917184774,0.09817970260405265,442,0.8632495321131832,-0.7720744245742077,0.05105948111711655
BLTA,PT Berlian Laju Tanker Tbk (XIDX:BLTA),1037608000000,0.03875895093670102,0.1116229728038699,-0.09133993748247062,444,0.21877002987037392,-0.2277218613451057,0.011094411405894622
AGAR,PT ASIA SEJAHTERA MINA Tbk (XIDX:AGAR),1705000000000,0.06767054385004344,0.6912941179307118,0.11172539609969973,444,1.4652754850673884,-1.0,0.7365088314628604
BUKA,Bukalapak.com Tbk PT (XIDX:BUKA),10729380000000,0.008920316266385894,0.09602816351704949,-0.3754970308448575,446,0.16144655012266493,-0.22266610394553302,0.008702216139726937
CSIS,PT CAHAYASAKTI INVESTINDO SUKSES Tbk (XIDX:CSIS),349492700000,0.02456873649998699,0.2992303305820378,0.07894736664463615,447,0.6276551755408796,-0.5692661467872716,0.061789059566104414
DADA,PT DIAMOND CITRA PROPERTINDO Tbk (XIDX:DADA),274966600000,0.3293006208760721,0.6038630369433085,0.1087162269604881,447,1.2788244337012702,-1.0,0.16011126025775033
GGRP,PT Gunung Raja Paksi Tbk. (XIDX:GGRP),4238982000000,-0.002038250670142447,0.15875777854510306,0.0030714118197793594,449,0.32346588897842,-0.31156522520199226,0.012981611495384831
SAPX,PT Satria Antaran Prima Tbk (XIDX:SAPX),270000000000,-0.0018972498321178782,0.24857419513755316,0.05987101158653879,450,0.5175877959398509,-0.4767089846103617,0.07949420007787897
EMDE,PT Megapolitan Developments Tbk (XIDX:EMDE),214400000000,-0.03508563653207459,0.13367082031581007,-0.02522575981003562,452,0.2696894122448702,-0.2649938690183701,0.021912443775357553
NFCX,PT NFC Indonesia Tbk (XIDX:NFCX),1146668000000,-0.007874192624641663,0.24021091042718098,0.056236109414975484,452,0.4995146431899334,-0.46132899851879056,0.044639569054914376
TMPO,PT Tempo Inti Media Tbk (XIDX:TMPO),179916700000,-0.0026210643084124373,0.2372298383427848,0.054997552084401706,452,0.4932264566959482,-0.455692896675191,0.10586845518928585
CTBN,PT Citra Tubindo Tbk (XIDX:CTBN),2369100000000,-0.04978719613575092,0.1763143697174805,0.017831448525198728,454,0.3614923996629782,-0.34376507920694377,0.055912690310038295
SMGR,PT Semen Indonesia (Persero) Tbk (XIDX:SMGR),10431130000000,-0.003913112598917909,0.10168760275730553,-0.16514278181166095,455,0.1923019515396576,-0.2144484594895645,0.0070967959151993715
KINO,PT Kino Indonesia Tbk (XIDX:KINO),1928572000000,0.0002156613979530514,0.12597157942451584,-0.0486663043984767,455,0.2514600270137542,-0.25242629068430916,0.012373610623395788
PDES,PT Destinasi Tirta Nusantara Tbk (XIDX:PDES),268840000000,0.004734424201578873,0.3073236705965173,0.07886458803125782,457,0.64460401548703,-0.5846906668990391,0.011729185555003734
FISH,PT FKS Multi Agro Tbk (XIDX:FISH),2952000000000,0.06955308075638739,0.2656554264066524,0.06590570674497927,458,0.5545387810614212,-0.5080829245651884,0.06895823283703652
BGTG,PT Bank Ganesha Tbk (XIDX:BGTG),2634173000000,0.030572127159677213,0.24447303042711946,0.057211471115276843,459,0.5085436256829077,-0.4693484960255701,0.009469972953057328
KRAS,PT Krakatau Steel (Persero) Tbk (XIDX:KRAS),4256208000000,-0.007054432672829399,0.15691603715523872,-0.0012739273728388503,460,0.3193518942956551,-0.3083122543252998,0.022637880933792154
CMNP,PT Citra Marga Nusaphala Persada Tbk (XIDX:CMNP),9475341000000,-0.00456048695353669,0.19182626637357283,0.025903882485303932,462,0.3943412974290284,-0.37296376806526294,0.011272934162805757
POLI,PT POLLUX HOTELS GROUP Tbk (XIDX:POLI),1668737000000,0.005734101121810858,0.19912724588094877,0.03141123245694756,462,0.41003418927210034,-0.38647479425169473,0.0291651614922861
VRNA,PT Mizuho Leasing Indonesia Tbk (XIDX:VRNA),415176800000,0.0068055427182510606,0.1901159272615473,0.024291940572376054,462,0.3905698589501414,-0.3698938500960478,0.007536304237993812
PEHA,PT Phapros Tbk (XIDX:PEHA),238560000000,0.0007076674557852857,0.10051653635693618,-0.2428501323363078,462,0.18215713104052997,-0.21990901438721475,0.006459030806449439
BIRD,PT Blue Bird Tbk (XIDX:BIRD),3928297000000,-0.009354985095994632,0.11156461117601085,-0.11440381611852925,465,0.21608552470985326,-0.23017291999419015,0.006855250387247746
SCNP,PT SELARAS CITRA NUSANTARA PERKASA TBK (XIDX:SCNP),407500000000,0.0034594031020984354,0.1617595378836157,-0.0005580448600403086,467,0.3288360993486288,-0.318202052185834,0.011325985472678624
ATIC,PT Anabatic Technologies Tbk (XIDX:ATIC),1296602000000,-0.006717077971446519,0.19471867339808704,0.026185547959528255,467,0.40023805335399887,-0.3786366402383493,0.011102013605728312
ARGO,PT Argo Pantes Tbk (XIDX:ARGO),4031411000000,-0.00929880485583473,0.22614138317422217,0.044386554787681214,467,0.4680272449235561,-0.4365382877733326,0.10328432708444987
POLY,PT Asia Pacific Fibers Tbk (XIDX:POLY),79864110000,0.05481292560608608,0.1918986424417133,0.02474496573024392,467,0.39426552983447427,-0.373329039932379,0.04562788872896464
FOOD,PT SENTRA FOOD INDONESIA Tbk (XIDX:FOOD),114400000000,0.02579234363701427,0.19875659593717543,0.028563103357788094,470,0.4087151623684711,-0.3863112213802306,0.03518901102119261
WEHA,PT WEHA Transportasi Indonesia Tbk (XIDX:WEHA),147516000000,-0.009194081811839658,0.13934458569710828,-0.02117335494202735,470,0.28145849864214906,-0.27591984414628407,0.012103182058685243
PICO,PT Pelangi Indah Canindo Tbk (XIDX:PICO),88098130000,0.06874995885283672,0.3925240707943448,0.08786185698735755,472,0.8252557549810648,-0.7448405281963144,0.08907248788308841
ICON,PT ISLAND CONCEPTS INDONESIA Tbk (XIDX:ICON),143847000000,0.0041412450143441595,0.19016280837962168,0.023554388844613607,472,0.39052450511174785,-0.3701267284067389,0.02890937036369729
DSFI,PT Dharma Samudera Fishing Industries Tbk (XIDX:DSFI),157856500000,0.023982084286907502,0.15122907341657316,-0.009258439555242992,474,0.3067777212180707,-0.29813857244822195,0.012776634329731336
HADE,PT Himalaya Energi Perkasa Tbk (XIDX:HADE),57240000000,0.1375617236840145,0.2511824370161898,0.056359299424005936,474,0.5222410598303737,-0.48248868823438557,0.05691233180668846
PNSE,PT Pudjiadi And Sons Tbk (XIDX:PNSE),368589800000,-0.011755625429719885,0.3089792553393513,0.07599534422697211,476,0.6471592151673572,-0.5887578061900479,0.07502226004213211
AMAR,PT Bank Amar Indonesia Tbk. (XIDX:AMAR),4076192000000,0.002770657562346717,0.14751239505348354,-0.015349281038583565,477,0.29820977269506566,-0.2918398075188685,0.017840963203973235
RISE,PT JAYA SUKSES MAKMUR SENTOSA TBK (XIDX:RISE),9800153000000,0.042425537001438626,0.35152604279485566,0.08132347051929681,477,0.7372236986618215,-0.6688804725176012,0.18850875870782957
KARW,PT Meratus Jasa Prima Tbk (XIDX:KARW),124476400000,-0.10511437521957855,0.5646939398924748,0.09609149128508371,479,1.1893698822090142,-1.0,0.6161478312029968
AHAP,PT Asuransi Harta Aman Pratama Tbk (XIDX:AHAP),455700000000,0.0037451590784975397,0.17909414215070868,0.014774867732242188,479,0.3665540961834606,-0.34982247241937414,0.04421901995736291
MIRA,PT Mitra International Resources Tbk (XIDX:MIRA),110920700000,0.08596664961323855,0.21836515214874042,0.03746258882061608,481,0.45063054782532747,-0.4228300607696342,0.07387250098360071
HDFA,PT Radana Bhaskara Finance Tbk (XIDX:HDFA),601905000000,0.015507343713474588,0.20676126556327018,0.030368357837693052,481,0.42552125084628717,-0.40152381140679355,0.011228077283300764
JGLE,PT Graha Andrasentra Propertindo Tbk (XIDX:JGLE),1129096000000,0.10863187904112456,0.28009308316181153,0.061939126396984144,483,0.5831399981369177,-0.5372323345103284,0.03962542814315611
RICY,PT Ricky Putra Globalindo Tbk (XIDX:RICY),39786480000,0.04068434743095434,0.13498934576413554,-0.03495598403361213,483,0.27097972573317936,-0.2689776573233628,0.012937806367061502
PGAS,PT Perusahaan Gas Negara Tbk (XIDX:PGAS),34786560000000,-0.0002260765029212593,0.12785627217293485,-0.052705285261127194,486,0.25469356266871795,-0.25673152602302146,0.008537852409422175
ASRI,PT ALAM SUTERA REALTY Tbk (XIDX:ASRI),2279332000000,-5.504638424107169e-05,0.12247651833874573,-0.08071332152338956,486,0.24078726969389808,-0.24911880366108485,0.005642019033695338
KOIN,PT Kokoh Inti Arebama Tbk (XIDX:KOIN),76505810000,0.0027489166469071118,0.11975587066136364,-0.08949060761281977,486,0.23451443531218671,-0.24450904733326786,0.003206825025835836
SMRA,PT Summarecon Agung Tbk (XIDX:SMRA),4061108000000,-0.005551893999754292,0.11936539050514804,-0.09696156411848868,488,0.23287664566544983,-0.24458491635514232,0.003833181593078676
CPRO,PT Central Proteina Prima Tbk (XIDX:CPRO),2442468000000,0.040347913760436664,0.12642330005801572,-0.06331888432493357,489,0.2505613374238287,-0.2551318628082342,0.03484965416220488
TRIN,PT PERINTIS TRINITI PROPERTI TBK (XIDX:TRIN),1119659000000,-0.04387610128848584,0.36444229301904335,0.08124641537345605,489,0.7639434077528158,-0.6938257643233576,0.14918948089459524
FAST,PT Fast Food Indonesia Tbk (XIDX:FAST),1809444000000,0.04443017696234508,0.16216924759576765,-0.003624310104299183,491,0.32947046316901446,-0.3192065272140561,0.03821080891333146
SMBR,PT Semen Baturaja Tbk (XIDX:SMBR),1529610000000,-0.009425083572480899,0.20656229304498636,0.026729309148723047,493,0.4243655730993884,-0.40188359908055704,0.005411825503950513
MAIN,PT Malindo Feedmill Tbk (XIDX:MAIN),1410413000000,-0.005663088180575732,0.13362705324265148,-0.04424497444101047,493,0.2670615005501014,-0.2674467124205045,0.009857689695384503
TAMU,PT Pelayaran Tamarin Samudra Tbk. (XIDX:TAMU),1125000000000,0.02734584473082578,0.3632403471778343,0.07989521383627038,493,0.7610729273245509,-0.6918884613867864,0.12885207209017388
INRU,PT Toba Pulp Lestari Tbk (XIDX:INRU),819441100000,-0.00692217458586411,0.23107197293907925,0.040212218517399784,495,0.4771555821673786,-0.4471323095889384,0.03480756239219153
ENZO,PT MORENZO ABADI PERKASA Tbk (XIDX:ENZO),123265200000,0.02101506306258861,0.22759901591937284,0.039459714615906506,495,0.4695863167138612,-0.4408097469636302,0.07194714576150592
EMTK,PT Elang Mahkota Teknologi Tbk (XIDX:EMTK),24693430000000,0.050524797963633794,0.15771822195030824,-0.007915901347553529,497,0.3199076816350934,-0.31096520616613954,0.02022011765038169
SCMA,PT Surya Citra Media Tbk (XIDX:SCMA),10869560000000,0.03260905987226522,0.12676459931805048,-0.06396665895644636,498,0.25114021036391976,-0.25591818690828216,0.014924055773604204
BBSS,PT Bumi Benowo Sukses Sejahtera Tbk (XIDX:BBSS),484801600000,-0.0154721866339391,0.1825658424666956,0.013924112326584095,498,0.3730988347681944,-0.35716453509858803,0.02229942102839334
MOLI,PT MADUSARI MURNI INDAH Tbk (XIDX:MOLI),1051478000000,0.008083608394597958,0.14407772521027504,-0.02899305335582562,500,0.28955576522200366,-0.2867551356190965,0.016484889482903876
BABP,PT Bank MNC Internasional Tbk (XIDX:BABP),1628530000000,-0.0012781970273407668,0.14973645448760164,-0.020109178385397112,500,0.3021815515212623,-0.2967642664291443,0.015025136122097294
OKAS,PT Ancora Indonesia Resources Tbk (XIDX:OKAS),239718400000,-0.031158010848168292,0.32940105432537564,0.07285919024231478,502,0.68852172235401,-0.6290824949474926,0.06925057885937101
JKON,PT Jaya Konstruksi Manggala Pratama Tbk (XIDX:JKON),1304682000000,0.0030346516325797136,0.11265315808542521,-0.15470386818045076,503,0.21359815647243843,-0.23701447586926241,0.01700891819519432
MDIA,PT Intermedia Capital Tbk (XIDX:MDIA),6274486000000,0.06294274457384523,0.3749148119357696,0.07919771695368022,503,0.7852417406491177,-0.7144175070939607,0.2753472677227055
MREI,PT Maskapai Reasuransi Indonesia Tbk (XIDX:MREI),476368300000,-0.009238474492863058,0.13776960036632493,-0.03979258697028752,505,0.27577671154835826,-0.2753016899169415,0.01454956105681078
BEST,PT Bekasi Fajar Industrial Estate Tbk (XIDX:BEST),1119088000000,0.0067921815429146295,0.1247067307286245,-0.08724921007761366,505,0.24425261732996195,-0.25457430558453603,0.00679091860351544
CASH,PT Cashlez Worldwide Indonesia Tbk. (XIDX:CASH),558394500000,0.09525652367957499,0.25639137730306377,0.05123498005771323,507,0.5313375314765316,-0.49422797773572347,0.051816295032658506
APLN,PT Agung Podomoro Land Tbk (XIDX:APLN),2519625000000,-0.004878201000093618,0.13160093613075471,-0.057951957918074795,507,0.2612950599690278,-0.26510868455399106,0.012748921707584675
WOWS,PT GINTING JAYA ENERGI TBK (XIDX:WOWS),123786000000,0.03275691178335661,0.22661630575724623,0.03430068166977912,509,0.4664609772084089,-0.440004245820576,0.03928195559651582
MDLN,PT Modernland Realty Tbk (XIDX:MDLN),501322700000,0.03571285264941011,0.11480534905624347,-0.1541375980328995,510,0.2176345969877761,-0.24158679923719778,0.00846392465517103
PZZA,PT Sarimelati Kencana Tbk. (XIDX:PZZA),534871900000,0.022642219468043748,0.11337326266276475,-0.15795502860416646,511,0.21443099767068177,-0.23906205298037722,0.003654279409933682
CANI,PT Capitol Nusantara Indonesia Tbk (XIDX:CANI),112514400000,0.045834283566468986,0.3253726591986334,0.06755508517069264,512,0.6784456157217923,-0.6230450210727413,0.07890050045484093
ZYRX,PT Zyrexindo Mandiri Buana Tbk (XIDX:ZYRX),168000200000,-0.0010934196209891464,0.11942049163895042,-0.13288682564797696,513,0.22839918778277657,-0.24928277877302513,0.007851534313628979
CENT,PT Centratama Telekomunikasi Indonesia Tbk (XIDX:CENT),2837695000000,0.01007369969603768,0.19462701659612325,0.01554675127742204,514,0.3979995706312802,-0.38050849575321277,0.014378966643489451
IMJS,PT Indomobil Multi Jasa Tbk (XIDX:IMJS),1822676000000,-0.005328034085981382,0.19678777663705058,0.016470573281009957,514,0.4025364803901558,-0.3846146261580465,0.010117279553321819
IRRA,PT Itama Ranoraya (XIDX:IRRA),550400000000,-0.0030333411713225136,0.15415084121437778,-0.020816673578735404,516,0.31055046077466036,-0.30605290408285074,0.0160779436306241
AGRS,PT Bank IBK Indonesia Tbk. (XIDX:AGRS),2842024000000,0.003757650159549049,0.2468025548306245,0.04107456641013593,517,0.5094621372099778,-0.4777480821125202,0.006629192569217762
BBRM,PT Pelayaran Nasional Bina Buana Raya Tbk (XIDX:BBRM),890346500000,0.01479329989235013,0.17162473015685115,-0.006601938951718825,517,0.34783612394274865,-0.33866279668465593,0.046238516117711265
WEGE,PT Wijaya Karya Bangunan Gedung Tbk (XIDX:WEGE),373308000000,0.010329492292980328,0.11945524331533244,-0.14474549145112992,519,0.22719586122203972,-0.25062511203929005,0.004420281721033875
ABBA,PT Mahaka Media Tbk (XIDX:ABBA),118076800000,0.00020494320995866414,0.3178410155562337,0.062013790012913995,520,0.6611122767288101,-0.6102517854961246,0.0156126909554999
PPRO,PT PP Properti Tbk (XIDX:PPRO),1356865000000,-0.01660397019419531,0.2402727229109207,0.03560971387733523,521,0.49481715910357843,-0.46627373254010435,0.08741291991698097
PNBS,PT Bank Panin Dubai Syariah Tbk. (XIDX:PNBS),1690722000000,0.0007001626174736215,0.1338113803534003,-0.06620922716978295,521,0.2644829322472272,-0.27076258916637397,0.0040782649192704105
BWPT,PT Eagle High Plantations Tbk (XIDX:BWPT),3341681000000,0.01303416200499056,0.17592715420405047,-0.00362185564928061,523,0.3569368452709323,-0.3467717715452696,0.021513337761513138
MAYA,PT Bank Mayapada Internasional Tbk (XIDX:MAYA),5233048000000,0.02111338066311442,0.15454141495155077,-0.030784731867042538,524,0.31004503350161183,-0.30812062630459125,0.021798892151784283
LINK,PT Link Net Tbk (XIDX:LINK),4495217000000,0.07576686589018736,0.17496201685104287,-0.004821745697240555,524,0.35480013097030083,-0.34504793643387066,0.03179807750889974
KREN,PT Quantum Clovera Investama Tbk (XIDX:KREN),309544000000,0.08117884213652699,0.2627130751470025,0.04521563156527166,526,0.5430246075273785,-0.5078276930606315,0.022944388623618018
WTON,PT Wijaya Karya Beton Tbk (XIDX:WTON),610082700000,-0.0027534815629224954,0.12088571210960701,-0.16466664565375277,528,0.2275852991188069,-0.2559575493196211,0.005586878884736036
IKAI,PT Intikeramik Alamasri Industri Tbk (XIDX:IKAI),279421800000,0.07848499595406613,0.30538966218975266,0.057257629295628235,528,0.6339849320680304,-0.5875737166909802,0.017309641731213465
DART,PT Duta Anggada Realty Tbk (XIDX:DART),461784500000,0.0010168640094391501,0.13745530889204102,-0.06373224762263827,528,0.2718700016208754,-0.2779512339472887,0.018218290865762866
LPPS,PT Lenox Pasifik Investama Tbk (XIDX:LPPS),168236300000,0.08690178794488539,0.16143179037086502,-0.024111795570257156,528,0.32469089003391427,-0.32103627144954583,0.03061674922439032
KOPI,PT Mitra Energi Persada Tbk (XIDX:KOPI),136664300000,0.0033967659417984512,2.2638813301065808,0.08043483201122686,531,4.715577294313785,-1.0,0.03707222827574157
INTA,PT Intraco Penta Tbk (XIDX:INTA),203980000000,0.0836054511092368,0.2519903916566349,0.036657213878523255,532,0.5189377686157071,-0.48902379801083257,0.08422529104237879
LION,PT Lion Metal Works Tbk (XIDX:LION),179975400000,0.04411430855049823,0.18440728675043347,-0.0018058822900730903,533,0.374201275267711,-0.36342787173402286,0.03310905739059548
CAMP,PT CAMPINA ICE CREAM INDUSTRY,906290000000,0.002227429590525295,0.12589458094830983,-0.1299775766029763,534,0.24100455520876107,-0.26257376858447823,0.005414403368448111
HERO,PT DFI Retail Nusantara Tbk (XIDX:HERO),1322028000000,0.048909073380831614,0.13071258072910547,-0.09941211561222518,534,0.2541504668909439,-0.26869985602547797,0.021315203098585082
KAEF,PT Kimia Farma Tbk (XIDX:KAEF),2304568000000,-0.016501154296547915,0.2451598079740976,0.032425860442960384,536,0.5039888532879333,-0.476650378608457,0.03643817796989418
MYTX,PT Asia Pacific Investama Tbk (XIDX:MYTX),317638600000,0.026076302577624486,0.2609231318584698,0.039654109412904044,536,0.5379126577561602,-0.5057798696777192,0.09033359034125386
UFOE,PT DAMAI SEJAHTERA ABADI Tbk (XIDX:UFOE),420247900000,0.023858499086184422,0.24385368196671808,0.031632371460997594,538,0.500849853751041,-0.4745648741158313,0.058214976551052525
PTDU,PT DJASA UBERSAKTI Tbk (XIDX:PTDU),105000000000,-0.02629462197953343,0.45164627390645934,0.07107818796506651,539,0.9408170655689959,-0.8657680300568414,0.16151377021763882
INCF,PT Indo Komoditi Korpora Tbk (XIDX:INCF),71918520000,0.03241605845900811,0.2985577117665362,0.05120413409340915,540,0.6180031931070928,-0.5762276539590521,0.10900458751162409
DWGL,PT Dwi Guna Laksana Tbk (XIDX:DWGL),1943092000000,0.0660480732278908,0.30142773200756734,0.05176093058216931,541,0.6240365097783691,-0.5816744182519002,0.05186742499421792
INOV,PT INOCYCLE TECHNOLOGY GROUP Tbk (XIDX:INOV),240493500000,0.01437104624245278,0.15133323261142836,-0.049567369128617075,542,0.30063897647244375,-0.3046939539732697,0.013688342036838613
KPIG,PT MNC TOURISM INDONESIA TBK (XIDX:KPIG),5151017000000,-0.043942191939358416,0.1730990793323871,-0.015232225398242752,543,0.3492811940923021,-0.3431151232372463,0.03832029162543683
JAWA,PT Jaya Agra Wattie Tbk (XIDX:JAWA),2775835000000,-0.005726285192151358,0.25084105737717105,0.03231127547446403,543,0.5155068288797089,-0.48785740062897537,0.02298353242908902
GTBO,PT Garda Tujuh Buana Tbk (XIDX:GTBO),300000000000,-0.007597266733783151,0.2224960139760553,0.01937795646535989,546,0.45502326564480183,-0.4349607902594194,0.06316160580385255
BNBR,PT Bakrie & Brothers Tbk (XIDX:BNBR),19223580000000,0.03691647243206569,0.22681673259788854,0.02190748139156645,546,0.46432216816460836,-0.4429447622269458,0.0899443514722571
KJEN,PT KRIDA JARINGAN NUSANTARA Tbk (XIDX:KJEN),83000000000,0.09872395782120046,0.445223731011318,0.06732641810034876,546,0.9258964825367658,-0.8549984415085062,0.1953218425094642
BIMA,PT Primarindo Asia Infrastructure Tbk (XIDX:BIMA),49870410000,0.029125466611263875,0.1781850427543823,-0.009067226288686248,548,0.36047416102499846,-0.3522660099925307,0.03587373526108878
PCAR,PT PRIMA CAKRAWALA ABADI Tbk (XIDX:PCAR),68833340000,0.047266207795367776,0.6684913385261521,0.07331756521046974,549,1.3915737002085795,-1.0,0.01868607618790001
BANK,PT Bank Aladin Syariah Tbk (XIDX:BANK),3461603000000,-0.002765177902885399,0.12409660561903302,-0.2235351421287936,549,0.22588207843081629,-0.2705043440453158,0.012134239241055753
PLAN,PT PLANET PROPERINDO JAYA Tbk (XIDX:PLAN),55596000000,0.042464127722905226,0.22908240752597658,0.022659332038933323,552,0.46876296204843837,-0.44756666805546796,0.04436584771564221
JAYA,PT ARMADA BERJAYA TRANS Tbk (XIDX:JAYA),121371900000,0.0037942961798467997,0.18316921452785706,-0.006863796610371888,552,0.37059574550060537,-0.3620811126108229,0.024997500507792876
POLA,PT POOL ADVISTA FINANCE TBK (XIDX:POLA),244628500000,0.09890309473460135,0.4618944018486689,0.0680208834684962,552,0.960750154074692,-0.8868274533199837,0.044262794726364296
MARI,PT Mahaka Radio Integra Tbk (XIDX:MARI),120810800000,0.052762931460450455,0.20868327568542394,0.012379615324585687,552,0.4255781694883569,-0.40915493325333885,0.014593296078001205
ANDI,PT ANDIRA AGRO Tbk (XIDX:ANDI),233750000000,0.0623577588841998,0.24154331839677667,0.026479652400348646,555,0.4950601878801878,-0.4711130857069189,0.04374571627047698
TRJA,PT TRANSKON JAYA Tbk (XIDX:TRJA),181224000000,0.021124694164018493,0.1659079433479341,-0.029303982850425923,555,0.332364046115623,-0.3312677272761134,0.02873115329686852
CNKO,PT Exploitasi Energi Indonesia Tbk (XIDX:CNKO),331385400000,0.11375344658920189,0.25866992883465645,0.033600977061645644,557,0.5317511396347708,-0.502928575703855,0.04759429301212024
IDPR,PT Indonesia Pondasi Raya Tbk (XIDX:IDPR),508762000000,0.025900233918130865,0.16342653489617565,-0.03320613643495945,557,0.3270737453720491,-0.3266323942126535,0.009424840026520359
GMFI,PT Garuda Maintenance Facility Aero Asia Tbk (XIDX:GMFI),6491434000000,0.007194081298119214,0.13299834545815464,-0.11315365678771949,559,0.2565227326736497,-0.27547064915896885,0.010817718532725142
ASMI,PT Asuransi Maximus Graha Persada Tbk (XIDX:ASMI),170209200000,0.056461637625820085,0.20930103875494016,0.01173239769998767,559,0.4267774001557209,-0.41042675486403973,0.058058621988359545
BTEK,PT Bumi Teknokultura Unggul Tbk (XIDX:BTEK),647884900000,0.07209967136364008,0.3891943633001621,0.06030921438369727,561,0.8074611133596256,-0.7493163398410229,0.13062190185376799
LPPF,PT MDS Retailing Tbk (XIDX:LPPF),3507965000000,-0.01249728121111433,0.13894166670089028,-0.08508887389110316,561,0.27178066306579596,-0.28398600373776517,0.011278113742762176
LPLI,PT Star Pacific Tbk (XIDX:LPLI),248131800000,0.0869175285277061,0.20941239835606404,0.011300832281237022,564,0.42691105072370866,-0.4107385427005475,0.05646014251714718
MNCN,PT Media Nusantara Citra Tbk (XIDX:MNCN),1941423000000,0.00805690287401816,0.1276664345300018,-0.15723411936216386,564,0.24097906927471852,-0.26968666884528864,0.005941780009429271
ECII,PT Electronic City Indonesia Tbk (XIDX:ECII),200150000000,0.0084572538905633,0.15008988950808824,-0.06119739647475666,564,0.2967143881612447,-0.3036451698711083,0.007526844133842142
PEGE,PT Panca Global Kapital Tbk (XIDX:PEGE),528904500000,-0.009657842305049612,0.7921591258597954,0.07197805136502193,566,1.6470560415901452,-1.0,0.03148069871644902
PURI,PT Puri Global Sukses Tbk (XIDX:PURI),143000000000,-0.010760783759336645,0.24927671798412854,0.026520834264029448,567,0.5105717551518713,-0.48653511678464295,0.05041803483396397
AISA,PT FKS Food Sejahtera Tbk (XIDX:AISA),1080169000000,-0.0028827715064279396,0.13135942599491274,-0.13136872858526805,567,0.2511820508293303,-0.27425565315032063,0.0042079283426526845
IBFN,PT Intan Baru Prana Tbk (XIDX:IBFN),95591940000,0.09155111018321772,0.43733089352602494,0.06087262200991271,569,0.9070029848470641,-0.8423205892570357,0.2509425304373361
RBMS,PT Ristia Bintang Mahkotasejati Tbk (XIDX:RBMS),124842000000,0.05141705780135196,0.24110436954160114,0.023871606264972024,570,0.4936840072818108,-0.4707334708845938,0.015385244396009173
PPRE,PT PP Presisi Tbk. (XIDX:PPRE),950857200000,0.0163647653544627,0.1630954203552875,-0.040837462767419765,570,0.32510642004574625,-0.3272752613754038,0.017009485017033654
LPKR,PT Lippo Karawaci Tbk (XIDX:LPKR),3261309000000,0.014018944809709229,0.13039083196311993,-0.15492683047779324,572,0.24630034522697827,-0.2752629826255015,0.009922091223045106
BHIT,PT MNC Asia Holding Tbk (XIDX:BHIT),1807431000000,0.011301527056811839,0.13464225759685927,-0.11486798635234594,573,0.2595381498057806,-0.2790308805816565,0.009121762672785685
AKKU,PT Anugerah Kagum Karya Utama Tbk (XIDX:AKKU),225731200000,-0.0012868047643952718,0.17359763439297246,-0.029020833061568146,574,0.34787704043849044,-0.3465134971333994,0.04040728181285563
NRCA,PT Nusa Raya Cipta Tbk (XIDX:NRCA),1323017000000,-0.016601928070325567,0.22567313775427508,0.014514504129773478,575,0.4603415288186107,-0.44235102219848965,0.10347377535307123
BMTR,PT Global Mediacom Tbk (XIDX:BMTR),1326720000000,0.009787410739541834,0.13328509961813323,-0.14538647805483423,576,0.2529120676457455,-0.28022833082678744,0.008792328102408608
IMAS,PT Indomobil Sukses Internasional Tbk (XIDX:IMAS),3395148000000,0.006282444106070999,0.19088159732150792,-0.008607522258410313,577,0.3858398966654972,-0.3776864926205345,0.00502475028591906
DGNS,PT DIAGNOS LABORATORIUM UTAMA Tbk (XIDX:DGNS),382250000000,0.009779030464371844,0.1726409385205454,-0.03721754927322519,578,0.34428409938457416,-0.34627965469760746,0.02149431189772725
BCAP,PT MNC Kapital Indonesia Tbk (XIDX:BCAP),1576898000000,-0.026153289073121977,0.2316562442329731,0.014772991321196955,579,0.4724544637716481,-0.45417051316024426,0.11129262000308761
SDMU,PT Sidomulyo Selaras Tbk (XIDX:SDMU),148545600000,0.028672817381680815,0.20764111202290889,-0.0012132812662118747,580,0.4207500165946521,-0.40981443149698343,0.04802622477494527
GIAA,PT Garuda Indonesia (Persero) Tbk (XIDX:GIAA),23204230000000,0.0025762254707093896,0.1552874088894898,-0.06685169718105505,581,0.3059133105640159,-0.31523632499394333,0.019202238778711217
BOLA,PT BALI BINTANG SEJAHTERA Tbk (XIDX:BOLA),1002000000000,0.028993974082880132,0.2314887128139877,0.014074460617082089,582,0.4717145353540825,-0.4542403159018683,0.017447954598120406
NZIA,PT Nusantara Almazia Tbk (XIDX:NZIA),323038500000,0.01762234238246865,0.3019292441631677,0.03803412942771338,582,0.6208048256475575,-0.5869121510051133,0.09391226954398116
LEAD,PT Logindo Samudramakmur Tbk (XIDX:LEAD),545163900000,0.0035122494254521113,0.18590321580687735,-0.018689751850137742,584,0.37405166626232866,-0.36956119696518075,0.04031506870618677
YELO,PT YELOOO INTEGRA DATANET Tbk (XIDX:YELO),137719800000,0.050436062709787274,0.2993632718640497,0.03537284358190355,585,0.614872891065463,-0.5825801963907359,0.05758067852730817
DFAM,PT DAFAM PROPERTY INDONESIA Tbk (XIDX:DFAM),138689300000,0.03611108870957781,0.33126386249206097,0.041754585588010165,586,0.6819517433373001,-0.6431037066309437,0.024438740915841296
PTIS,PT Indo Straits Tbk (XIDX:PTIS),135340700000,0.0128017617440544,0.2627951856817344,0.025457814112347443,587,0.5380002819703213,-0.5131804607566162,0.07320341739847157
JAST,PT JASNITA TELEKOMINDO,88771210000,-0.001519188472338357,0.26371755039842515,0.025386429466936245,588,0.5396199097380385,-0.5152502918556621,0.021724083914476073
BCIC,PT Bank JTrust Indonesia Tbk (XIDX:BCIC),2384168000000,0.021911661986629104,0.1397035802163931,-0.13025430369505286,588,0.26692988748814106,-0.2918844333774313,0.031688635084206565
BAPI,PT BHAKTI AGUNG PROPERTINDO Tbk (XIDX:BAPI),123023600000,0.12676059640428827,0.21766824717176403,0.00026445157153004797,590,0.44085677842427334,-0.42981621026278277,0.02635119365416606
PTPP,PT Pembangunan Perumahan (Persero) Tbk (XIDX:PTPP),1084982000000,-0.015445266846858381,0.14905397136206,-0.11121770557549344,592,0.2872502216424635,-0.3089656638057765,0.00771376343918066
MPOW,PT MegaPower Makmur Tbk (XIDX:MPOW),80882710000,-0.01013340595695637,0.18461802153061121,-0.028908361212763165,592,0.3694702899608143,-0.36900179616163054,0.015309279965784725
OPMS,PT OPTIMA PRIMA METAL SINERGI Tbk (XIDX:OPMS),92000000000,0.03653695226565813,0.2160077134808218,-0.0010042871043269737,592,0.43726121457126815,-0.426769639352019,0.02558324246307454
JIHD,PT Jakarta International Hotels & Development Tbk (XIDX:JIHD),926958100000,0.018000443080481515,0.2593820952127781,0.02164942708968635,595,0.5300993838043825,-0.50742899704673,0.0364886732146115
TAXI,PT Express Transindo Utama Tbk (XIDX:TAXI),184025700000,-0.04872056041673109,0.5098069120941777,0.05487349670221118,595,1.053308431718067,-0.985919216658644,0.3194721965168068
ITIC,PT INDONESIAN TOBACCO Tbk. (XIDX:ITIC),182499700000,0.05902713359416932,0.2565565909050315,0.020244796709650712,595,0.523780819289321,-0.5024455443308051,0.03657630564897315
NPGF,PT NUSA PALAPA GEMILANG Tbk (XIDX:NPGF),139330100000,-0.009243720954214475,0.19549461314400213,-0.014421473928993808,597,0.39360036346020544,-0.38837808911580307,0.031025899568373625
PURA,PT PUTRA RAJAWALI KENCANA TBK (XIDX:PURA),220567600000,0.03491595441527148,0.2578984716122888,0.019733681601310435,598,0.5263354213452881,-0.5052584651038671,0.033600066782398956
RODA,PT Pikko Land Development Tbk (XIDX:RODA),530093000000,0.01479358472862767,0.20974545716673698,-0.006309321934492363,599,0.42388728234005885,-0.4150945463268891,0.03178369600234334
EPAC,PT MEGALESTARI EPACK SENTOSARAYA Tbk (XIDX:EPAC),128832600000,0.09068751924513763,0.2938905081317619,0.02801657350960566,600,0.601426604267901,-0.5741354282591465,0.05218344258073649
REAL,PT REPOWER ASIA INDONESIA Tbk (XIDX:REAL),245443600000,0.034009837695966286,0.31245509474671207,0.03285067687152893,601,0.6406266909065748,-0.6091936880802735,0.038969239450605625
FIRE,PT Alfa Energi Investama Tbk (XIDX:FIRE),159339200000,0.02057077817548554,0.3465166238773918,0.037683194548581656,602,0.7116617698298433,-0.6744047256797239,0.020228882615788
JMAS,PT Asuransi Jiwa Syariah Jasa Mitra Abadi Tbk (XIDX:JMAS),228000000000,0.019178490521261297,0.21374322878394178,-0.006976259673087507,604,0.4315741951517726,-0.42339871998399453,0.05031168971830328
VIVA,PT Visi Media Asia Tbk (XIDX:VIVA),757356400000,0.07731187911629439,0.2080861671770699,-0.011949383602204435,604,0.41940555254037565,-0.41293911616790396,0.028206799998966997
URBN,PT URBAN JAKARTA PROPERTINDO Tbk. (XIDX:URBN),969636800000,0.004035984468057981,0.16482601225093443,-0.08083362906553673,604,0.3218630522501521,-0.33744099675358563,0.02620083599211218
PBRX,PT Pan Brothers Tbk (XIDX:PBRX),601496800000,0.06341169549745984,0.1730330144835393,-0.06361397211420192,606,0.34077843122903356,-0.35135362670512366,0.026078355417842248
BCIP,PT Bumi Citra Permai Tbk (XIDX:BCIP),74355610000,0.020617907269011023,0.17469701546603444,-0.05377217290371014,606,0.3457199124308143,-0.3530681494333235,0.028049882448311254
INDX,PT Tanah Laut Tbk (XIDX:INDX),26274810000,0.10594654406624814,0.2808396641535475,0.022466768354659886,608,0.5737086076065804,-0.5496500490076096,0.13879092111907101
DIGI,PT Arkadia Digital Media Tbk (XIDX:DIGI),47125000000,0.04251409496438678,0.2333173835047125,0.0007259755553837212,610,0.4723718719978074,-0.46089766202104265,0.0649003609730001
BEKS,PT Bank Pembangunan Daerah Banten Tbk (XIDX:BEKS),1386497000000,0.02118803289025227,0.16315223247912838,-0.08821540441095435,610,0.31763164440970754,-0.334977285506806,0.03150180140000905
ACST,PT Acset Indonusa Tbk (XIDX:ACST),1537739000000,0.02449229962071838,0.1505601324184843,-0.14258928587364314,610,0.2853717226945229,-0.3168688069794143,0.008558568164040018
ADHI,PT Adhi Karya (Persero) Tbk (XIDX:ADHI),1118212000000,0.008613504932544523,0.15294976330752047,-0.12218636060751191,610,0.29293087130086176,-0.3188681819292201,0.009545094907119045
BBKP,PT Bank KB Indonesia Tbk (XIDX:BBKP),7804435000000,0.0006951417457018542,0.16031488098519647,-0.09871967456448755,613,0.3105232487118369,-0.330736275228949,0.007032390315504107
BKSW,PT Bank QNB Indonesia Tbk (XIDX:BKSW),1705517000000,0.003318099488049054,0.19803479236812402,-0.024734132795854152,614,0.39689108550376256,-0.3952480839687335,0.01002741364975127
GLOB,PT Globe Kita Terang Tbk (XIDX:GLOB),172222400000,0.04153253530050349,0.30751376573713635,0.0261625012385818,615,0.6287925803713986,-0.6012624825771468,0.03522729548418464
LPCK,PT Lippo Cikarang Tbk (XIDX:LPCK),2618690000000,0.03113871299077999,0.1635429403581181,-0.09606457485249834,615,0.3170949173007532,-0.3370768441317192,0.014085440998062198
PRIM,PT ROYAL PRIMA Tbk (XIDX:PRIM),417392500000,0.03109536653768622,0.1641750142751933,-0.09717141932251466,617,0.3179892586879689,-0.33871079841280427,0.009718731657514851
DPUM,PT Dua Putra Utama Makmur Tbk (XIDX:DPUM),459250000000,-0.015563721945329248,0.29116122263743094,0.021899351371860665,617,0.5943461265898125,-0.5702987639599113,0.13814661528632885
NASA,PT Andalan Perkasa Abadi Tbk (XIDX:NASA),418187300000,0.07178824894418585,0.18818763575658312,-0.03998122408431802,619,0.37442216758015906,-0.3783283754461734,0.012776397216722446
MTFN,PT Capitalinc Investment Tbk (XIDX:MTFN),413947100000,0.17910821102741697,0.262301949257424,0.0138041100671506,620,0.5338752680333442,-0.5153325289963518,0.04336614600010985
TARA,PT Agung Semesta Sejahtera Tbk (XIDX:TARA),352437600000,0.1099724249356227,0.21417950330135735,-0.014713695209555303,621,0.4309273542911517,-0.4257906589142777,0.0307685036487421
MLPL,PT Multipolar Tbk (XIDX:MLPL),1160492000000,0.05616825087065909,0.27238392905409603,0.01465735735706324,622,0.554480006314806,-0.5350557099015781,0.08964168635264688
LUCK,PT Sentral Mitra Informatika Tbk (XIDX:LUCK),78016710000,0.0369192026060251,0.22020234475125341,-0.014119562152636938,623,0.44283841390409023,-0.4379709651009234,0.014506670830462575
CMPP,PT AirAsia Indonesia Tbk (XIDX:CMPP),737273600000,0.02150950832685279,0.18722193549597965,-0.0504741520329351,624,0.3705774036546933,-0.3783103383292253,0.07000858094063375
PTSP,PT Pioneerindo Gourmet International Tbk (XIDX:PTSP),252825200000,0.033123145925042154,0.2549639313874974,0.005120497010034493,625,0.5169531244434782,-0.5029026011065114,0.03016735226795702
SQMI,PT Wilton Makmur Indonesia Tbk (XIDX:SQMI),1429458000000,-0.007594935476441697,0.19853275135867104,-0.03782613502893179,626,0.39527549567693077,-0.3988555097577534,0.04370236581133735
ESIP,PT SINERGI INTI PLASTINDO Tbk (XIDX:ESIP),105445600000,0.06499183014764004,0.29328216307207333,0.014962036248300068,627,0.5964076964279668,-0.5767209558603266,0.08756424349161678
ZINC,PT KAPUAS PRIMA COAL Tbk (XIDX:ZINC),757500000000,0.09244487693712729,0.20663405024129958,-0.03622032961231361,628,0.4113590379663789,-0.4151771629988194,0.043566098666051864
MCAS,PT M CASH INTEGRASI Tbk (XIDX:MCAS),194417100000,0.0024421699196722473,0.20467208905857756,-0.0383797877238492,629,0.4070648892775571,-0.41162346695675317,0.03709227079726263
KBLV,PT First Media Tbk (XIDX:KBLV),172474600000,0.1930146727195275,0.3009664559805557,0.015017860732657254,630,0.612172503902376,-0.5916933200198469,0.07555295542386241
IPTV,PT MNC Vision Networks Tbk. (XIDX:IPTV),1054949000000,0.025431929044811424,0.17391894568206617,-0.10323354895206512,631,0.33535732282323577,-0.3603184599050289,0.01706843693518849
KBAG,PT KARYA BERSAMA ANUGERAH Tbk (XIDX:KBAG),264550100000,-0.002586714012652147,0.2837119721704871,0.010960378603105088,632,0.5759586175074958,-0.5588892711744526,0.047771256651040025
MTPS,PT Meta Epsi Tbk (XIDX:MTPS),168872900000,-0.021541133253929024,0.31721478930363145,0.01592301675075751,633,0.6449793280727734,-0.6238798291417524,0.10411091998958177
HRME,PT MENTENG HERITAGE REALTY Tbk. (XIDX:HRME),220473800000,0.03997163313919243,0.20235987958622026,-0.05025408811135678,634,0.40004908101535175,-0.4093904373295293,0.012482388447586578
DIVA,PT DISTRIBUSI VOUCHER NUSANTARA Tbk (XIDX:DIVA),174285700000,0.002636927343014791,0.1875238842289519,-0.0803898874436068,635,0.3655156296062055,-0.38457990730960206,0.01808389928193227
KIOS,PT KIOSON KOMERSIAL INDONESIA Tbk (XIDX:KIOS),78537990000,0.04068289976970238,0.45754064840180714,0.027155234274368382,636,0.9330812111936587,-0.8970813824135698,0.1452671272863966
WSBP,PT Waskita Beton Precast Tbk (XIDX:WSBP),797428300000,0.042792126895418156,0.17770451738079918,-0.11972729701419299,637,0.3397333336944889,-0.3710847358287078,0.02774835443954526
APEX,PT Apexindo Pratama Duta Tbk (XIDX:APEX),620631700000,-0.0262615204971103,0.24561171703173718,-0.014482976999167394,638,0.4933859648351248,-0.4890609032918239,0.02560398025848165
SLIS,PT GAYA ABADI SEMPURNA TBK (XIDX:SLIS),177362500000,0.0509733350508659,0.3945865390056902,0.016776538602462948,639,0.8012505604043736,-0.7770955956183871,0.10590259963221055
HDIT,PT HENSEL DAVEST INDONESIA TBK (XIDX:HDIT),56413160000,0.11709914724379708,0.3634825382190808,0.014736720053004465,640,0.7377953182999162,-0.7161348345764069,0.08127857026884718
MDRN,PT Modern Internasional Tbk (XIDX:MDRN),198436400000,0.18082853218453027,0.24009486901799795,-0.029163207096541563,641,0.4789075212681541,-0.4814719548038377,0.032019199759214925
WMUU,PT WIDODO MAKMUR UNGGAS Tbk (XIDX:WMUU),478823500000,0.05266454104953641,0.23522743442037836,-0.0327963546046286,641,0.4681690860562706,-0.4727406516252428,0.042891485875933104
MSKY,PT MNC Sky Vision Tbk (XIDX:MSKY),91741040000,0.006428540141324102,0.2202091569525631,-0.04964649379094995,643,0.43520542098191756,-0.44563120682833485,0.044116479425109136
COCO,PT WAHANA INTERFOOD NUSANTARA Tbk (XIDX:COCO),1438020000000,0.0029887145725723957,0.33563953568523613,0.003996363960672573,644,0.6781265572939769,-0.6644315854469677,0.1683960010213316
PAMG,PT BIMA SAKTI PERTIWI Tbk (XIDX:PAMG),134375000000,-0.0021507156321707264,0.23381099516818923,-0.044972428737639826,644,0.46258064346996497,-0.47266333720279197,0.007769713689421232
LAND,PT Trimitra Propertindo Tbk. (XIDX:LAND),148008900000,0.059295502057829755,0.253274071066636,-0.03152542410965232,646,0.5041411376027792,-0.5089551466637648,0.0727543716314913
DEFI,PT Danasupra Erapacific Tbk (XIDX:DEFI),59104930000,-0.042133890645452456,0.22837862467694564,-0.100797782463075,647,0.43917534287070176,-0.4743391558370808,0.07421833583477244
MPPA,PT Matahari Putra Prima Tbk (XIDX:MPPA),1150182000000,0.014220528650318219,0.29902755796896185,-0.0331489669420253,648,0.5938623809242032,-0.6022478509516442,0.05213036889220578
ARKA,PT ARKHA JAYANTI PERSADA Tbk (XIDX:ARKA),44000000000,0.030048424348098172,0.267024405459624,-0.055026982710198576,649,0.5248289650286848,-0.5432686568098113,0.053283405141132244
